Date,Year,Month,Day,Quarter,Date Key,Day of Week
2014-11-05 00:00:00.000,2014,11,5,4,20141105,3
2014-12-13 00:00:00.000,2014,12,13,4,20141213,6
2014-12-30 00:00:00.000,2014,12,30,4,20141230,2
2014-10-27 00:00:00.000,2014,10,27,4,20141027,1
2014-12-25 00:00:00.000,2014,12,25,4,20141225,4
2014-11-18 00:00:00.000,2014,11,18,4,20141118,2
2014-11-01 00:00:00.000,2014,11,1,4,20141101,6
2014-11-06 00:00:00.000,2014,11,6,4,20141106,4
2014-12-04 00:00:00.000,2014,12,4,4,20141204,4
2014-12-27 00:00:00.000,2014,12,27,4,20141227,6
2014-11-07 00:00:00.000,2014,11,7,4,20141107,5
2014-10-23 00:00:00.000,2014,10,23,4,20141023,4
2014-12-05 00:00:00.000,2014,12,5,4,20141205,5
2014-10-17 00:00:00.000,2014,10,17,4,20141017,5
2014-11-22 00:00:00.000,2014,11,22,4,20141122,6
2014-12-10 00:00:00.000,2014,12,10,4,20141210,3
2014-12-31 00:00:00.000,2014,12,31,4,20141231,3
2014-11-04 00:00:00.000,2014,11,4,4,20141104,2
2014-12-17 00:00:00.000,2014,12,17,4,20141217,3
2014-11-26 00:00:00.000,2014,11,26,4,20141126,3
2014-11-27 00:00:00.000,2014,11,27,4,20141127,4
2014-12-11 00:00:00.000,2014,12,11,4,20141211,4
2014-12-12 00:00:00.000,2014,12,12,4,20141212,5
2014-10-16 00:00:00.000,2014,10,16,4,20141016,4
2014-10-22 00:00:00.000,2014,10,22,4,20141022,3
2014-12-23 00:00:00.000,2014,12,23,4,20141223,2
2014-11-17 00:00:00.000,2014,11,17,4,20141117,1
2014-11-20 00:00:00.000,2014,11,20,4,20141120,4
2014-11-28 00:00:00.000,2014,11,28,4,20141128,5
2014-10-03 00:00:00.000,2014,10,3,4,20141003,5
2014-12-29 00:00:00.000,2014,12,29,4,20141229,1
2014-10-04 00:00:00.000,2014,10,4,4,20141004,6
2014-12-02 00:00:00.000,2014,12,2,4,20141202,2
2014-11-25 00:00:00.000,2014,11,25,4,20141125,2
2014-12-19 00:00:00.000,2014,12,19,4,20141219,5
2014-12-21 00:00:00.000,2014,12,21,4,20141221,0
2014-12-01 00:00:00.000,2014,12,1,4,20141201,1
2014-12-03 00:00:00.000,2014,12,3,4,20141203,3
2014-10-21 00:00:00.000,2014,10,21,4,20141021,2
2014-11-24 00:00:00.000,2014,11,24,4,20141124,1
2014-10-14 00:00:00.000,2014,10,14,4,20141014,2
2014-12-18 00:00:00.000,2014,12,18,4,20141218,4
2014-11-21 00:00:00.000,2014,11,21,4,20141121,5
2014-10-08 00:00:00.000,2014,10,8,4,20141008,3
2014-12-06 00:00:00.000,2014,12,6,4,20141206,6
2014-11-02 00:00:00.000,2014,11,2,4,20141102,0
2014-11-11 00:00:00.000,2014,11,11,4,20141111,2
2014-11-19 00:00:00.000,2014,11,19,4,20141119,3
2014-10-09 00:00:00.000,2014,10,9,4,20141009,4
2014-12-26 00:00:00.000,2014,12,26,4,20141226,5
2014-10-24 00:00:00.000,2014,10,24,4,20141024,5
2014-10-20 00:00:00.000,2014,10,20,4,20141020,1
2014-12-22 00:00:00.000,2014,12,22,4,20141222,1
2014-11-15 00:00:00.000,2014,11,15,4,20141115,6
2014-12-15 00:00:00.000,2014,12,15,4,20141215,1
2014-12-14 00:00:00.000,2014,12,14,4,20141214,0
2014-11-30 00:00:00.000,2014,11,30,4,20141130,0
2014-11-16 00:00:00.000,2014,11,16,4,20141116,0
2014-12-09 00:00:00.000,2014,12,9,4,20141209,2
2014-10-07 00:00:00.000,2014,10,7,4,20141007,2
2014-12-08 00:00:00.000,2014,12,8,4,20141208,1
2014-10-28 00:00:00.000,2014,10,28,4,20141028,2
2014-12-24 00:00:00.000,2014,12,24,4,20141224,3
2014-11-12 00:00:00.000,2014,11,12,4,20141112,3
2014-10-29 00:00:00.000,2014,10,29,4,20141029,3
2014-10-11 00:00:00.000,2014,10,11,4,20141011,6
2014-10-13 00:00:00.000,2014,10,13,4,20141013,1
2014-11-14 00:00:00.000,2014,11,14,4,20141114,5
2014-10-02 00:00:00.000,2014,10,2,4,20141002,4
2014-11-08 00:00:00.000,2014,11,8,4,20141108,6
2014-10-18 00:00:00.000,2014,10,18,4,20141018,6
2014-11-03 00:00:00.000,2014,11,3,4,20141103,1
2014-12-20 00:00:00.000,2014,12,20,4,20141220,6
2014-11-29 00:00:00.000,2014,11,29,4,20141129,6
2014-11-10 00:00:00.000,2014,11,10,4,20141110,1
2014-12-16 00:00:00.000,2014,12,16,4,20141216,2
2014-11-13 00:00:00.000,2014,11,13,4,20141113,4
2014-10-01 00:00:00.000,2014,10,1,4,20141001,3
2014-10-31 00:00:00.000,2014,10,31,4,20141031,5
2014-10-15 00:00:00.000,2014,10,15,4,20141015,3
2014-10-06 00:00:00.000,2014,10,6,4,20141006,1
2014-10-10 00:00:00.000,2014,10,10,4,20141010,5
2014-12-28 00:00:00.000,2014,12,28,4,20141228,0
2014-10-25 00:00:00.000,2014,10,25,4,20141025,6
2014-11-09 00:00:00.000,2014,11,9,4,20141109,0
2014-11-23 00:00:00.000,2014,11,23,4,20141123,0
2014-10-30 00:00:00.000,2014,10,30,4,20141030,4
2014-10-05 00:00:00.000,2014,10,5,4,20141005,0
2014-10-12 00:00:00.000,2014,10,12,4,20141012,0
2014-10-19 00:00:00.000,2014,10,19,4,20141019,0
2014-12-07 00:00:00.000,2014,12,7,4,20141207,0
2014-10-26 00:00:00.000,2014,10,26,4,20141026,0
2014-06-09 00:00:00.000,2014,6,9,2,20140609,1
2014-06-30 00:00:00.000,2014,6,30,2,20140630,1
2014-06-24 00:00:00.000,2014,6,24,2,20140624,2
2014-06-12 00:00:00.000,2014,6,12,2,20140612,4
2014-05-20 00:00:00.000,2014,5,20,2,20140520,2
2014-05-27 00:00:00.000,2014,5,27,2,20140527,2
2014-04-11 00:00:00.000,2014,4,11,2,20140411,5
2014-05-28 00:00:00.000,2014,5,28,2,20140528,3
2014-04-12 00:00:00.000,2014,4,12,2,20140412,6
2014-06-26 00:00:00.000,2014,6,26,2,20140626,4
2014-06-03 00:00:00.000,2014,6,3,2,20140603,2
2014-06-13 00:00:00.000,2014,6,13,2,20140613,5
2014-06-25 00:00:00.000,2014,6,25,2,20140625,3
2014-06-06 00:00:00.000,2014,6,6,2,20140606,5
2014-06-05 00:00:00.000,2014,6,5,2,20140605,4
2014-06-17 00:00:00.000,2014,6,17,2,20140617,2
2014-06-07 00:00:00.000,2014,6,7,2,20140607,6
2014-04-28 00:00:00.000,2014,4,28,2,20140428,1
2014-05-29 00:00:00.000,2014,5,29,2,20140529,4
2014-04-01 00:00:00.000,2014,4,1,2,20140401,2
2014-04-21 00:00:00.000,2014,4,21,2,20140421,1
2014-06-27 00:00:00.000,2014,6,27,2,20140627,5
2014-05-14 00:00:00.000,2014,5,14,2,20140514,3
2014-06-10 00:00:00.000,2014,6,10,2,20140610,2
2014-06-22 00:00:00.000,2014,6,22,2,20140622,0
2014-06-21 00:00:00.000,2014,6,21,2,20140621,6
2014-04-24 00:00:00.000,2014,4,24,2,20140424,4
2014-05-02 00:00:00.000,2014,5,2,2,20140502,5
2014-06-14 00:00:00.000,2014,6,14,2,20140614,6
2014-05-16 00:00:00.000,2014,5,16,2,20140516,5
2014-05-08 00:00:00.000,2014,5,8,2,20140508,4
2014-05-13 00:00:00.000,2014,5,13,2,20140513,2
2014-05-30 00:00:00.000,2014,5,30,2,20140530,5
2014-06-23 00:00:00.000,2014,6,23,2,20140623,1
2014-05-06 00:00:00.000,2014,5,6,2,20140506,2
2014-06-11 00:00:00.000,2014,6,11,2,20140611,3
2014-04-03 00:00:00.000,2014,4,3,2,20140403,4
2014-06-02 00:00:00.000,2014,6,2,2,20140602,1
2014-04-07 00:00:00.000,2014,4,7,2,20140407,1
2014-05-09 00:00:00.000,2014,5,9,2,20140509,5
2014-04-17 00:00:00.000,2014,4,17,2,20140417,4
2014-05-01 00:00:00.000,2014,5,1,2,20140501,4
2014-04-05 00:00:00.000,2014,4,5,2,20140405,6
2014-06-16 00:00:00.000,2014,6,16,2,20140616,1
2014-05-21 00:00:00.000,2014,5,21,2,20140521,3
2014-04-09 00:00:00.000,2014,4,9,2,20140409,3
2014-05-26 00:00:00.000,2014,5,26,2,20140526,1
2014-05-19 00:00:00.000,2014,5,19,2,20140519,1
2014-06-19 00:00:00.000,2014,6,19,2,20140619,4
2014-04-10 00:00:00.000,2014,4,10,2,20140410,4
2014-06-04 00:00:00.000,2014,6,4,2,20140604,3
2014-04-16 00:00:00.000,2014,4,16,2,20140416,3
2014-05-12 00:00:00.000,2014,5,12,2,20140512,1
2014-05-15 00:00:00.000,2014,5,15,2,20140515,4
2014-05-31 00:00:00.000,2014,5,31,2,20140531,6
2014-04-25 00:00:00.000,2014,4,25,2,20140425,5
2014-06-28 00:00:00.000,2014,6,28,2,20140628,6
2014-05-10 00:00:00.000,2014,5,10,2,20140510,6
2014-04-02 00:00:00.000,2014,4,2,2,20140402,3
2014-06-18 00:00:00.000,2014,6,18,2,20140618,3
2014-04-18 00:00:00.000,2014,4,18,2,20140418,5
2014-05-05 00:00:00.000,2014,5,5,2,20140505,1
2014-04-26 00:00:00.000,2014,4,26,2,20140426,6
2014-04-29 00:00:00.000,2014,4,29,2,20140429,2
2014-04-13 00:00:00.000,2014,4,13,2,20140413,0
2014-05-03 00:00:00.000,2014,5,3,2,20140503,6
2014-04-30 00:00:00.000,2014,4,30,2,20140430,3
2014-04-15 00:00:00.000,2014,4,15,2,20140415,2
2014-04-04 00:00:00.000,2014,4,4,2,20140404,5
2014-04-22 00:00:00.000,2014,4,22,2,20140422,2
2014-06-20 00:00:00.000,2014,6,20,2,20140620,5
2014-05-23 00:00:00.000,2014,5,23,2,20140523,5
2014-05-04 00:00:00.000,2014,5,4,2,20140504,0
2014-05-07 00:00:00.000,2014,5,7,2,20140507,3
2014-04-14 00:00:00.000,2014,4,14,2,20140414,1
2014-04-23 00:00:00.000,2014,4,23,2,20140423,3
2014-04-27 00:00:00.000,2014,4,27,2,20140427,0
2014-05-24 00:00:00.000,2014,5,24,2,20140524,6
2014-04-08 00:00:00.000,2014,4,8,2,20140408,2
2014-05-17 00:00:00.000,2014,5,17,2,20140517,6
2014-05-22 00:00:00.000,2014,5,22,2,20140522,4
2014-04-20 00:00:00.000,2014,4,20,2,20140420,0
2014-06-15 00:00:00.000,2014,6,15,2,20140615,0
2014-04-06 00:00:00.000,2014,4,6,2,20140406,0
2014-04-19 00:00:00.000,2014,4,19,2,20140419,6
2014-06-08 00:00:00.000,2014,6,8,2,20140608,0
2014-06-29 00:00:00.000,2014,6,29,2,20140629,0
2014-05-11 00:00:00.000,2014,5,11,2,20140511,0
2014-06-01 00:00:00.000,2014,6,1,2,20140601,0
2014-05-25 00:00:00.000,2014,5,25,2,20140525,0
2014-05-18 00:00:00.000,2014,5,18,2,20140518,0
2014-08-01 00:00:00.000,2014,8,1,3,20140801,5
2014-08-20 00:00:00.000,2014,8,20,3,20140820,3
2014-08-14 00:00:00.000,2014,8,14,3,20140814,4
2014-08-05 00:00:00.000,2014,8,5,3,20140805,2
2014-07-23 00:00:00.000,2014,7,23,3,20140723,3
2014-09-12 00:00:00.000,2014,9,12,3,20140912,5
2014-09-11 00:00:00.000,2014,9,11,3,20140911,4
2014-09-16 00:00:00.000,2014,9,16,3,20140916,2
2014-09-13 00:00:00.000,2014,9,13,3,20140913,6
2014-08-30 00:00:00.000,2014,8,30,3,20140830,6
2014-09-25 00:00:00.000,2014,9,25,3,20140925,4
2014-08-31 00:00:00.000,2014,8,31,3,20140831,0
2014-08-25 00:00:00.000,2014,8,25,3,20140825,1
2014-08-15 00:00:00.000,2014,8,15,3,20140815,5
2014-08-07 00:00:00.000,2014,8,7,3,20140807,4
2014-09-18 00:00:00.000,2014,9,18,3,20140918,4
2014-09-03 00:00:00.000,2014,9,3,3,20140903,3
2014-07-02 00:00:00.000,2014,7,2,3,20140702,3
2014-08-27 00:00:00.000,2014,8,27,3,20140827,3
2014-07-14 00:00:00.000,2014,7,14,3,20140714,1
2014-09-08 00:00:00.000,2014,9,8,3,20140908,1
2014-08-26 00:00:00.000,2014,8,26,3,20140826,2
2014-08-04 00:00:00.000,2014,8,4,3,20140804,1
2014-09-04 00:00:00.000,2014,9,4,3,20140904,4
2014-09-19 00:00:00.000,2014,9,19,3,20140919,5
2014-08-06 00:00:00.000,2014,8,6,3,20140806,3
2014-08-08 00:00:00.000,2014,8,8,3,20140808,5
2014-09-29 00:00:00.000,2014,9,29,3,20140929,1
2014-07-08 00:00:00.000,2014,7,8,3,20140708,2
2014-07-15 00:00:00.000,2014,7,15,3,20140715,2
2014-08-09 00:00:00.000,2014,8,9,3,20140809,6
2014-09-21 00:00:00.000,2014,9,21,3,20140921,0
2014-07-06 00:00:00.000,2014,7,6,3,20140706,0
2014-09-30 00:00:00.000,2014,9,30,3,20140930,2
2014-08-12 00:00:00.000,2014,8,12,3,20140812,2
2014-09-05 00:00:00.000,2014,9,5,3,20140905,5
2014-09-10 00:00:00.000,2014,9,10,3,20140910,3
2014-08-28 00:00:00.000,2014,8,28,3,20140828,4
2014-07-30 00:00:00.000,2014,7,30,3,20140730,3
2014-09-24 00:00:00.000,2014,9,24,3,20140924,3
2014-09-06 00:00:00.000,2014,9,6,3,20140906,6
2014-07-01 00:00:00.000,2014,7,1,3,20140701,2
2014-09-23 00:00:00.000,2014,9,23,3,20140923,2
2014-09-20 00:00:00.000,2014,9,20,3,20140920,6
2014-07-22 00:00:00.000,2014,7,22,3,20140722,2
2014-07-24 00:00:00.000,2014,7,24,3,20140724,4
2014-08-21 00:00:00.000,2014,8,21,3,20140821,4
2014-07-13 00:00:00.000,2014,7,13,3,20140713,0
2014-08-13 00:00:00.000,2014,8,13,3,20140813,3
2014-07-04 00:00:00.000,2014,7,4,3,20140704,5
2014-07-28 00:00:00.000,2014,7,28,3,20140728,1
2014-09-01 00:00:00.000,2014,9,1,3,20140901,1
2014-09-02 00:00:00.000,2014,9,2,3,20140902,2
2014-07-03 00:00:00.000,2014,7,3,3,20140703,4
2014-07-09 00:00:00.000,2014,7,9,3,20140709,3
2014-09-15 00:00:00.000,2014,9,15,3,20140915,1
2014-07-17 00:00:00.000,2014,7,17,3,20140717,4
2014-09-26 00:00:00.000,2014,9,26,3,20140926,5
2014-08-19 00:00:00.000,2014,8,19,3,20140819,2
2014-08-22 00:00:00.000,2014,8,22,3,20140822,5
2014-09-17 00:00:00.000,2014,9,17,3,20140917,3
2014-07-10 00:00:00.000,2014,7,10,3,20140710,4
2014-07-21 00:00:00.000,2014,7,21,3,20140721,1
2014-08-18 00:00:00.000,2014,8,18,3,20140818,1
2014-07-26 00:00:00.000,2014,7,26,3,20140726,6
2014-08-17 00:00:00.000,2014,8,17,3,20140817,0
2014-09-22 00:00:00.000,2014,9,22,3,20140922,1
2014-08-02 00:00:00.000,2014,8,2,3,20140802,6
2014-08-29 00:00:00.000,2014,8,29,3,20140829,5
2014-09-09 00:00:00.000,2014,9,9,3,20140909,2
2014-07-18 00:00:00.000,2014,7,18,3,20140718,5
2014-07-11 00:00:00.000,2014,7,11,3,20140711,5
2014-07-12 00:00:00.000,2014,7,12,3,20140712,6
2014-08-24 00:00:00.000,2014,8,24,3,20140824,0
2014-09-27 00:00:00.000,2014,9,27,3,20140927,6
2014-07-29 00:00:00.000,2014,7,29,3,20140729,2
2014-08-23 00:00:00.000,2014,8,23,3,20140823,6
2014-08-16 00:00:00.000,2014,8,16,3,20140816,6
2014-09-14 00:00:00.000,2014,9,14,3,20140914,0
2014-07-31 00:00:00.000,2014,7,31,3,20140731,4
2014-08-11 00:00:00.000,2014,8,11,3,20140811,1
2014-07-16 00:00:00.000,2014,7,16,3,20140716,3
2014-07-25 00:00:00.000,2014,7,25,3,20140725,5
2014-07-19 00:00:00.000,2014,7,19,3,20140719,6
2014-09-28 00:00:00.000,2014,9,28,3,20140928,0
2014-07-05 00:00:00.000,2014,7,5,3,20140705,6
2014-07-07 00:00:00.000,2014,7,7,3,20140707,1
2014-07-27 00:00:00.000,2014,7,27,3,20140727,0
2014-08-03 00:00:00.000,2014,8,3,3,20140803,0
2014-09-07 00:00:00.000,2014,9,7,3,20140907,0
2014-07-20 00:00:00.000,2014,7,20,3,20140720,0
2014-08-10 00:00:00.000,2014,8,10,3,20140810,0
2014-03-07 00:00:00.000,2014,3,7,1,20140307,5
2014-01-01 00:00:00.000,2014,1,1,1,20140101,3
2014-01-24 00:00:00.000,2014,1,24,1,20140124,5
2014-01-13 00:00:00.000,2014,1,13,1,20140113,1
2014-03-02 00:00:00.000,2014,3,2,1,20140302,0
2014-03-31 00:00:00.000,2014,3,31,1,20140331,1
2014-03-12 00:00:00.000,2014,3,12,1,20140312,3
2014-01-22 00:00:00.000,2014,1,22,1,20140122,3
2014-02-11 00:00:00.000,2014,2,11,1,20140211,2
2014-01-29 00:00:00.000,2014,1,29,1,20140129,3
2014-02-24 00:00:00.000,2014,2,24,1,20140224,1
2014-03-10 00:00:00.000,2014,3,10,1,20140310,1
2014-02-19 00:00:00.000,2014,2,19,1,20140219,3
2014-02-17 00:00:00.000,2014,2,17,1,20140217,1
2014-03-20 00:00:00.000,2014,3,20,1,20140320,4
2014-03-26 00:00:00.000,2014,3,26,1,20140326,3
2014-02-12 00:00:00.000,2014,2,12,1,20140212,3
2014-02-28 00:00:00.000,2014,2,28,1,20140228,5
2014-02-10 00:00:00.000,2014,2,10,1,20140210,1
2014-03-09 00:00:00.000,2014,3,9,1,20140309,0
2014-02-07 00:00:00.000,2014,2,7,1,20140207,5
2014-01-10 00:00:00.000,2014,1,10,1,20140110,5
2014-03-28 00:00:00.000,2014,3,28,1,20140328,5
2014-03-01 00:00:00.000,2014,3,1,1,20140301,6
2014-02-13 00:00:00.000,2014,2,13,1,20140213,4
2014-03-25 00:00:00.000,2014,3,25,1,20140325,2
2014-01-31 00:00:00.000,2014,1,31,1,20140131,5
2014-01-25 00:00:00.000,2014,1,25,1,20140125,6
2014-02-14 00:00:00.000,2014,2,14,1,20140214,5
2014-03-03 00:00:00.000,2014,3,3,1,20140303,1
2014-02-21 00:00:00.000,2014,2,21,1,20140221,5
2014-03-14 00:00:00.000,2014,3,14,1,20140314,5
2014-01-02 00:00:00.000,2014,1,2,1,20140102,4
2014-02-06 00:00:00.000,2014,2,6,1,20140206,4
2014-03-22 00:00:00.000,2014,3,22,1,20140322,6
2014-02-18 00:00:00.000,2014,2,18,1,20140218,2
2014-03-05 00:00:00.000,2014,3,5,1,20140305,3
2014-03-08 00:00:00.000,2014,3,8,1,20140308,6
2014-02-25 00:00:00.000,2014,2,25,1,20140225,2
2014-01-04 00:00:00.000,2014,1,4,1,20140104,6
2014-03-04 00:00:00.000,2014,3,4,1,20140304,2
2014-03-27 00:00:00.000,2014,3,27,1,20140327,4
2014-01-15 00:00:00.000,2014,1,15,1,20140115,3
2014-01-03 00:00:00.000,2014,1,3,1,20140103,5
2014-03-15 00:00:00.000,2014,3,15,1,20140315,6
2014-01-09 00:00:00.000,2014,1,9,1,20140109,4
2014-03-13 00:00:00.000,2014,3,13,1,20140313,4
2014-02-27 00:00:00.000,2014,2,27,1,20140227,4
2014-01-28 00:00:00.000,2014,1,28,1,20140128,2
2014-03-24 00:00:00.000,2014,3,24,1,20140324,1
2014-03-19 00:00:00.000,2014,3,19,1,20140319,3
2014-02-20 00:00:00.000,2014,2,20,1,20140220,4
2014-03-21 00:00:00.000,2014,3,21,1,20140321,5
2014-02-22 00:00:00.000,2014,2,22,1,20140222,6
2014-02-26 00:00:00.000,2014,2,26,1,20140226,3
2014-01-17 00:00:00.000,2014,1,17,1,20140117,5
2014-02-04 00:00:00.000,2014,2,4,1,20140204,2
2014-03-30 00:00:00.000,2014,3,30,1,20140330,0
2014-01-23 00:00:00.000,2014,1,23,1,20140123,4
2014-02-03 00:00:00.000,2014,2,3,1,20140203,1
2014-03-17 00:00:00.000,2014,3,17,1,20140317,1
2014-03-18 00:00:00.000,2014,3,18,1,20140318,2
2014-03-11 00:00:00.000,2014,3,11,1,20140311,2
2014-01-30 00:00:00.000,2014,1,30,1,20140130,4
2014-01-27 00:00:00.000,2014,1,27,1,20140127,1
2014-01-21 00:00:00.000,2014,1,21,1,20140121,2
2014-03-06 00:00:00.000,2014,3,6,1,20140306,4
2014-01-07 00:00:00.000,2014,1,7,1,20140107,2
2014-01-16 00:00:00.000,2014,1,16,1,20140116,4
2014-01-20 00:00:00.000,2014,1,20,1,20140120,1
2014-01-08 00:00:00.000,2014,1,8,1,20140108,3
2014-02-05 00:00:00.000,2014,2,5,1,20140205,3
2014-01-18 00:00:00.000,2014,1,18,1,20140118,6
2014-01-06 00:00:00.000,2014,1,6,1,20140106,1
2014-02-16 00:00:00.000,2014,2,16,1,20140216,0
2014-02-01 00:00:00.000,2014,2,1,1,20140201,6
2014-02-08 00:00:00.000,2014,2,8,1,20140208,6
2014-01-14 00:00:00.000,2014,1,14,1,20140114,2
2014-03-29 00:00:00.000,2014,3,29,1,20140329,6
2014-02-15 00:00:00.000,2014,2,15,1,20140215,6
2014-01-05 00:00:00.000,2014,1,5,1,20140105,0
2014-01-26 00:00:00.000,2014,1,26,1,20140126,0
2014-03-23 00:00:00.000,2014,3,23,1,20140323,0
2014-02-23 00:00:00.000,2014,2,23,1,20140223,0
2014-01-11 00:00:00.000,2014,1,11,1,20140111,6
2014-01-12 00:00:00.000,2014,1,12,1,20140112,0
2014-01-19 00:00:00.000,2014,1,19,1,20140119,0
2014-02-09 00:00:00.000,2014,2,9,1,20140209,0
2014-03-16 00:00:00.000,2014,3,16,1,20140316,0
2014-02-02 00:00:00.000,2014,2,2,1,20140202,0
2013-03-08 00:00:00.000,2013,3,8,1,20130308,5
2013-03-14 00:00:00.000,2013,3,14,1,20130314,4
2013-02-04 00:00:00.000,2013,2,4,1,20130204,1
2013-01-23 00:00:00.000,2013,1,23,1,20130123,3
2013-01-10 00:00:00.000,2013,1,10,1,20130110,4
2013-01-07 00:00:00.000,2013,1,7,1,20130107,1
2013-03-28 00:00:00.000,2013,3,28,1,20130328,4
2013-03-26 00:00:00.000,2013,3,26,1,20130326,2
2013-01-31 00:00:00.000,2013,1,31,1,20130131,4
2013-02-05 00:00:00.000,2013,2,5,1,20130205,2
2013-02-27 00:00:00.000,2013,2,27,1,20130227,3
2013-02-28 00:00:00.000,2013,2,28,1,20130228,4
2013-02-19 00:00:00.000,2013,2,19,1,20130219,2
2013-03-15 00:00:00.000,2013,3,15,1,20130315,5
2013-03-04 00:00:00.000,2013,3,4,1,20130304,1
2013-01-03 00:00:00.000,2013,1,3,1,20130103,4
2013-02-16 00:00:00.000,2013,2,16,1,20130216,6
2013-03-09 00:00:00.000,2013,3,9,1,20130309,6
2013-03-20 00:00:00.000,2013,3,20,1,20130320,3
2013-01-17 00:00:00.000,2013,1,17,1,20130117,4
2013-02-07 00:00:00.000,2013,2,7,1,20130207,4
2013-03-23 00:00:00.000,2013,3,23,1,20130323,6
2013-01-09 00:00:00.000,2013,1,9,1,20130109,3
2013-03-11 00:00:00.000,2013,3,11,1,20130311,1
2013-02-08 00:00:00.000,2013,2,8,1,20130208,5
2013-01-24 00:00:00.000,2013,1,24,1,20130124,4
2013-02-12 00:00:00.000,2013,2,12,1,20130212,2
2013-03-07 00:00:00.000,2013,3,7,1,20130307,4
2013-01-22 00:00:00.000,2013,1,22,1,20130122,2
2013-03-01 00:00:00.000,2013,3,1,1,20130301,5
2013-02-13 00:00:00.000,2013,2,13,1,20130213,3
2013-03-19 00:00:00.000,2013,3,19,1,20130319,2
2013-03-25 00:00:00.000,2013,3,25,1,20130325,1
2013-01-30 00:00:00.000,2013,1,30,1,20130130,3
2013-03-18 00:00:00.000,2013,3,18,1,20130318,1
2013-03-13 00:00:00.000,2013,3,13,1,20130313,3
2013-03-12 00:00:00.000,2013,3,12,1,20130312,2
2013-02-03 00:00:00.000,2013,2,3,1,20130203,0
2013-02-22 00:00:00.000,2013,2,22,1,20130222,5
2013-03-10 00:00:00.000,2013,3,10,1,20130310,0
2013-02-21 00:00:00.000,2013,2,21,1,20130221,4
2013-01-16 00:00:00.000,2013,1,16,1,20130116,3
2013-03-05 00:00:00.000,2013,3,5,1,20130305,2
2013-03-27 00:00:00.000,2013,3,27,1,20130327,3
2013-02-06 00:00:00.000,2013,2,6,1,20130206,3
2013-01-11 00:00:00.000,2013,1,11,1,20130111,5
2013-03-30 00:00:00.000,2013,3,30,1,20130330,6
2013-03-21 00:00:00.000,2013,3,21,1,20130321,4
2013-03-31 00:00:00.000,2013,3,31,1,20130331,0
2013-03-29 00:00:00.000,2013,3,29,1,20130329,5
2013-01-14 00:00:00.000,2013,1,14,1,20130114,1
2013-02-14 00:00:00.000,2013,2,14,1,20130214,4
2013-01-05 00:00:00.000,2013,1,5,1,20130105,6
2013-01-15 00:00:00.000,2013,1,15,1,20130115,2
2013-03-16 00:00:00.000,2013,3,16,1,20130316,6
2013-02-23 00:00:00.000,2013,2,23,1,20130223,6
2013-02-02 00:00:00.000,2013,2,2,1,20130202,6
2013-01-28 00:00:00.000,2013,1,28,1,20130128,1
2013-01-25 00:00:00.000,2013,1,25,1,20130125,5
2013-02-01 00:00:00.000,2013,2,1,1,20130201,5
2013-01-04 00:00:00.000,2013,1,4,1,20130104,5
2013-01-02 00:00:00.000,2013,1,2,1,20130102,3
2013-03-22 00:00:00.000,2013,3,22,1,20130322,5
2013-02-11 00:00:00.000,2013,2,11,1,20130211,1
2013-02-25 00:00:00.000,2013,2,25,1,20130225,1
2013-03-06 00:00:00.000,2013,3,6,1,20130306,3
2013-02-20 00:00:00.000,2013,2,20,1,20130220,3
2013-01-01 00:00:00.000,2013,1,1,1,20130101,2
2013-01-21 00:00:00.000,2013,1,21,1,20130121,1
2013-02-18 00:00:00.000,2013,2,18,1,20130218,1
2013-01-08 00:00:00.000,2013,1,8,1,20130108,2
2013-01-18 00:00:00.000,2013,1,18,1,20130118,5
2013-01-26 00:00:00.000,2013,1,26,1,20130126,6
2013-01-19 00:00:00.000,2013,1,19,1,20130119,6
2013-01-29 00:00:00.000,2013,1,29,1,20130129,2
2013-03-03 00:00:00.000,2013,3,3,1,20130303,0
2013-02-15 00:00:00.000,2013,2,15,1,20130215,5
2013-02-26 00:00:00.000,2013,2,26,1,20130226,2
2013-01-12 00:00:00.000,2013,1,12,1,20130112,6
2013-03-02 00:00:00.000,2013,3,2,1,20130302,6
2013-01-27 00:00:00.000,2013,1,27,1,20130127,0
2013-02-09 00:00:00.000,2013,2,9,1,20130209,6
2013-02-10 00:00:00.000,2013,2,10,1,20130210,0
2013-01-13 00:00:00.000,2013,1,13,1,20130113,0
2013-03-17 00:00:00.000,2013,3,17,1,20130317,0
2013-03-24 00:00:00.000,2013,3,24,1,20130324,0
2013-01-06 00:00:00.000,2013,1,6,1,20130106,0
2013-01-20 00:00:00.000,2013,1,20,1,20130120,0
2013-02-17 00:00:00.000,2013,2,17,1,20130217,0
2013-02-24 00:00:00.000,2013,2,24,1,20130224,0
2013-06-11 00:00:00.000,2013,6,11,2,20130611,2
2013-05-21 00:00:00.000,2013,5,21,2,20130521,2
2013-04-26 00:00:00.000,2013,4,26,2,20130426,5
2013-04-02 00:00:00.000,2013,4,2,2,20130402,2
2013-05-01 00:00:00.000,2013,5,1,2,20130501,3
2013-06-02 00:00:00.000,2013,6,2,2,20130602,0
2013-04-20 00:00:00.000,2013,4,20,2,20130420,6
2013-04-17 00:00:00.000,2013,4,17,2,20130417,3
2013-06-05 00:00:00.000,2013,6,5,2,20130605,3
2013-05-28 00:00:00.000,2013,5,28,2,20130528,2
2013-04-15 00:00:00.000,2013,4,15,2,20130415,1
2013-06-21 00:00:00.000,2013,6,21,2,20130621,5
2013-06-25 00:00:00.000,2013,6,25,2,20130625,2
2013-06-06 00:00:00.000,2013,6,6,2,20130606,4
2013-05-13 00:00:00.000,2013,5,13,2,20130513,1
2013-06-27 00:00:00.000,2013,6,27,2,20130627,4
2013-04-23 00:00:00.000,2013,4,23,2,20130423,2
2013-05-02 00:00:00.000,2013,5,2,2,20130502,4
2013-06-26 00:00:00.000,2013,6,26,2,20130626,3
2013-06-08 00:00:00.000,2013,6,8,2,20130608,6
2013-06-13 00:00:00.000,2013,6,13,2,20130613,4
2013-05-03 00:00:00.000,2013,5,3,2,20130503,5
2013-04-09 00:00:00.000,2013,4,9,2,20130409,2
2013-05-06 00:00:00.000,2013,5,6,2,20130506,1
2013-06-20 00:00:00.000,2013,6,20,2,20130620,4
2013-05-09 00:00:00.000,2013,5,9,2,20130509,4
2013-06-18 00:00:00.000,2013,6,18,2,20130618,2
2013-05-22 00:00:00.000,2013,5,22,2,20130522,3
2013-06-15 00:00:00.000,2013,6,15,2,20130615,6
2013-05-31 00:00:00.000,2013,5,31,2,20130531,5
2013-05-15 00:00:00.000,2013,5,15,2,20130515,3
2013-06-07 00:00:00.000,2013,6,7,2,20130607,5
2013-04-18 00:00:00.000,2013,4,18,2,20130418,4
2013-05-10 00:00:00.000,2013,5,10,2,20130510,5
2013-04-11 00:00:00.000,2013,4,11,2,20130411,4
2013-06-29 00:00:00.000,2013,6,29,2,20130629,6
2013-04-08 00:00:00.000,2013,4,8,2,20130408,1
2013-04-13 00:00:00.000,2013,4,13,2,20130413,6
2013-05-27 00:00:00.000,2013,5,27,2,20130527,1
2013-05-29 00:00:00.000,2013,5,29,2,20130529,3
2013-05-11 00:00:00.000,2013,5,11,2,20130511,6
2013-04-10 00:00:00.000,2013,4,10,2,20130410,3
2013-04-16 00:00:00.000,2013,4,16,2,20130416,2
2013-05-07 00:00:00.000,2013,5,7,2,20130507,2
2013-06-12 00:00:00.000,2013,6,12,2,20130612,3
2013-06-22 00:00:00.000,2013,6,22,2,20130622,6
2013-04-04 00:00:00.000,2013,4,4,2,20130404,4
2013-05-17 00:00:00.000,2013,5,17,2,20130517,5
2013-06-10 00:00:00.000,2013,6,10,2,20130610,1
2013-05-19 00:00:00.000,2013,5,19,2,20130519,0
2013-04-05 00:00:00.000,2013,4,5,2,20130405,5
2013-04-03 00:00:00.000,2013,4,3,2,20130403,3
2013-04-01 00:00:00.000,2013,4,1,2,20130401,1
2013-04-24 00:00:00.000,2013,4,24,2,20130424,3
2013-04-19 00:00:00.000,2013,4,19,2,20130419,5
2013-06-14 00:00:00.000,2013,6,14,2,20130614,5
2013-05-20 00:00:00.000,2013,5,20,2,20130520,1
2013-05-08 00:00:00.000,2013,5,8,2,20130508,3
2013-05-04 00:00:00.000,2013,5,4,2,20130504,6
2013-06-19 00:00:00.000,2013,6,19,2,20130619,3
2013-05-24 00:00:00.000,2013,5,24,2,20130524,5
2013-05-25 00:00:00.000,2013,5,25,2,20130525,6
2013-06-17 00:00:00.000,2013,6,17,2,20130617,1
2013-04-29 00:00:00.000,2013,4,29,2,20130429,1
2013-04-25 00:00:00.000,2013,4,25,2,20130425,4
2013-05-26 00:00:00.000,2013,5,26,2,20130526,0
2013-04-27 00:00:00.000,2013,4,27,2,20130427,6
2013-06-24 00:00:00.000,2013,6,24,2,20130624,1
2013-06-30 00:00:00.000,2013,6,30,2,20130630,0
2013-05-16 00:00:00.000,2013,5,16,2,20130516,4
2013-04-22 00:00:00.000,2013,4,22,2,20130422,1
2013-05-23 00:00:00.000,2013,5,23,2,20130523,4
2013-06-01 00:00:00.000,2013,6,1,2,20130601,6
2013-06-16 00:00:00.000,2013,6,16,2,20130616,0
2013-04-14 00:00:00.000,2013,4,14,2,20130414,0
2013-06-28 00:00:00.000,2013,6,28,2,20130628,5
2013-05-30 00:00:00.000,2013,5,30,2,20130530,4
2013-05-18 00:00:00.000,2013,5,18,2,20130518,6
2013-04-06 00:00:00.000,2013,4,6,2,20130406,6
2013-05-12 00:00:00.000,2013,5,12,2,20130512,0
2013-06-04 00:00:00.000,2013,6,4,2,20130604,2
2013-06-03 00:00:00.000,2013,6,3,2,20130603,1
2013-04-30 00:00:00.000,2013,4,30,2,20130430,2
2013-06-23 00:00:00.000,2013,6,23,2,20130623,0
2013-06-09 00:00:00.000,2013,6,9,2,20130609,0
2013-05-14 00:00:00.000,2013,5,14,2,20130514,2
2013-04-07 00:00:00.000,2013,4,7,2,20130407,0
2013-04-12 00:00:00.000,2013,4,12,2,20130412,5
2013-05-05 00:00:00.000,2013,5,5,2,20130505,0
2013-04-28 00:00:00.000,2013,4,28,2,20130428,0
2013-04-21 00:00:00.000,2013,4,21,2,20130421,0
2013-10-14 00:00:00.000,2013,10,14,4,20131014,1
2013-12-31 00:00:00.000,2013,12,31,4,20131231,2
2013-11-05 00:00:00.000,2013,11,5,4,20131105,2
2013-12-10 00:00:00.000,2013,12,10,4,20131210,2
2013-12-20 00:00:00.000,2013,12,20,4,20131220,5
2013-11-21 00:00:00.000,2013,11,21,4,20131121,4
2013-10-25 00:00:00.000,2013,10,25,4,20131025,5
2013-11-14 00:00:00.000,2013,11,14,4,20131114,4
2013-10-30 00:00:00.000,2013,10,30,4,20131030,3
2013-12-27 00:00:00.000,2013,12,27,4,20131227,5
2013-11-13 00:00:00.000,2013,11,13,4,20131113,3
2013-12-06 00:00:00.000,2013,12,6,4,20131206,5
2013-10-22 00:00:00.000,2013,10,22,4,20131022,2
2013-12-30 00:00:00.000,2013,12,30,4,20131230,1
2013-11-28 00:00:00.000,2013,11,28,4,20131128,4
2013-12-11 00:00:00.000,2013,12,11,4,20131211,3
2013-11-08 00:00:00.000,2013,11,8,4,20131108,5
2013-11-06 00:00:00.000,2013,11,6,4,20131106,3
2013-11-15 00:00:00.000,2013,11,15,4,20131115,5
2013-11-19 00:00:00.000,2013,11,19,4,20131119,2
2013-11-11 00:00:00.000,2013,11,11,4,20131111,1
2013-12-17 00:00:00.000,2013,12,17,4,20131217,2
2013-11-25 00:00:00.000,2013,11,25,4,20131125,1
2013-12-14 00:00:00.000,2013,12,14,4,20131214,6
2013-12-16 00:00:00.000,2013,12,16,4,20131216,1
2013-11-02 00:00:00.000,2013,11,2,4,20131102,6
2013-12-26 00:00:00.000,2013,12,26,4,20131226,4
2013-12-19 00:00:00.000,2013,12,19,4,20131219,4
2013-12-25 00:00:00.000,2013,12,25,4,20131225,3
2013-10-04 00:00:00.000,2013,10,4,4,20131004,5
2013-12-28 00:00:00.000,2013,12,28,4,20131228,6
2013-11-12 00:00:00.000,2013,11,12,4,20131112,2
2013-12-23 00:00:00.000,2013,12,23,4,20131223,1
2013-12-02 00:00:00.000,2013,12,2,4,20131202,1
2013-11-29 00:00:00.000,2013,11,29,4,20131129,5
2013-12-05 00:00:00.000,2013,12,5,4,20131205,4
2013-10-31 00:00:00.000,2013,10,31,4,20131031,4
2013-12-03 00:00:00.000,2013,12,3,4,20131203,2
2013-10-21 00:00:00.000,2013,10,21,4,20131021,1
2013-12-12 00:00:00.000,2013,12,12,4,20131212,4
2013-11-16 00:00:00.000,2013,11,16,4,20131116,6
2013-10-01 00:00:00.000,2013,10,1,4,20131001,2
2013-11-27 00:00:00.000,2013,11,27,4,20131127,3
2013-11-26 00:00:00.000,2013,11,26,4,20131126,2
2013-11-04 00:00:00.000,2013,11,4,4,20131104,1
2013-11-07 00:00:00.000,2013,11,7,4,20131107,4
2013-11-20 00:00:00.000,2013,11,20,4,20131120,3
2013-10-02 00:00:00.000,2013,10,2,4,20131002,3
2013-10-12 00:00:00.000,2013,10,12,4,20131012,6
2013-11-22 00:00:00.000,2013,11,22,4,20131122,5
2013-10-15 00:00:00.000,2013,10,15,4,20131015,2
2013-12-09 00:00:00.000,2013,12,9,4,20131209,1
2013-10-10 00:00:00.000,2013,10,10,4,20131010,4
2013-12-24 00:00:00.000,2013,12,24,4,20131224,2
2013-10-28 00:00:00.000,2013,10,28,4,20131028,1
2013-12-18 00:00:00.000,2013,12,18,4,20131218,3
2013-11-18 00:00:00.000,2013,11,18,4,20131118,1
2013-10-03 00:00:00.000,2013,10,3,4,20131003,4
2013-11-01 00:00:00.000,2013,11,1,4,20131101,5
2013-10-29 00:00:00.000,2013,10,29,4,20131029,2
2013-10-05 00:00:00.000,2013,10,5,4,20131005,6
2013-12-04 00:00:00.000,2013,12,4,4,20131204,3
2013-10-16 00:00:00.000,2013,10,16,4,20131016,3
2013-11-17 00:00:00.000,2013,11,17,4,20131117,0
2013-10-11 00:00:00.000,2013,10,11,4,20131011,5
2013-10-08 00:00:00.000,2013,10,8,4,20131008,2
2013-12-15 00:00:00.000,2013,12,15,4,20131215,0
2013-11-23 00:00:00.000,2013,11,23,4,20131123,6
2013-10-17 00:00:00.000,2013,10,17,4,20131017,4
2013-10-24 00:00:00.000,2013,10,24,4,20131024,4
2013-10-09 00:00:00.000,2013,10,9,4,20131009,3
2013-12-13 00:00:00.000,2013,12,13,4,20131213,5
2013-11-10 00:00:00.000,2013,11,10,4,20131110,0
2013-10-18 00:00:00.000,2013,10,18,4,20131018,5
2013-12-21 00:00:00.000,2013,12,21,4,20131221,6
2013-11-09 00:00:00.000,2013,11,9,4,20131109,6
2013-10-26 00:00:00.000,2013,10,26,4,20131026,6
2013-12-01 00:00:00.000,2013,12,1,4,20131201,0
2013-11-24 00:00:00.000,2013,11,24,4,20131124,0
2013-11-30 00:00:00.000,2013,11,30,4,20131130,6
2013-10-23 00:00:00.000,2013,10,23,4,20131023,3
2013-12-07 00:00:00.000,2013,12,7,4,20131207,6
2013-12-22 00:00:00.000,2013,12,22,4,20131222,0
2013-10-07 00:00:00.000,2013,10,7,4,20131007,1
2013-10-06 00:00:00.000,2013,10,6,4,20131006,0
2013-10-27 00:00:00.000,2013,10,27,4,20131027,0
2013-12-29 00:00:00.000,2013,12,29,4,20131229,0
2013-10-19 00:00:00.000,2013,10,19,4,20131019,6
2013-12-08 00:00:00.000,2013,12,8,4,20131208,0
2013-10-20 00:00:00.000,2013,10,20,4,20131020,0
2013-10-13 00:00:00.000,2013,10,13,4,20131013,0
2013-11-03 00:00:00.000,2013,11,3,4,20131103,0
2013-09-07 00:00:00.000,2013,9,7,3,20130907,6
2013-08-24 00:00:00.000,2013,8,24,3,20130824,6
2013-07-18 00:00:00.000,2013,7,18,3,20130718,4
2013-08-23 00:00:00.000,2013,8,23,3,20130823,5
2013-07-10 00:00:00.000,2013,7,10,3,20130710,3
2013-08-26 00:00:00.000,2013,8,26,3,20130826,1
2013-08-30 00:00:00.000,2013,8,30,3,20130830,5
2013-09-12 00:00:00.000,2013,9,12,3,20130912,4
2013-09-30 00:00:00.000,2013,9,30,3,20130930,1
2013-08-14 00:00:00.000,2013,8,14,3,20130814,3
2013-08-07 00:00:00.000,2013,8,7,3,20130807,3
2013-08-12 00:00:00.000,2013,8,12,3,20130812,1
2013-09-26 00:00:00.000,2013,9,26,3,20130926,4
2013-07-05 00:00:00.000,2013,7,5,3,20130705,5
2013-08-20 00:00:00.000,2013,8,20,3,20130820,2
2013-09-20 00:00:00.000,2013,9,20,3,20130920,5
2013-08-02 00:00:00.000,2013,8,2,3,20130802,5
2013-09-22 00:00:00.000,2013,9,22,3,20130922,0
2013-08-08 00:00:00.000,2013,8,8,3,20130808,4
2013-07-17 00:00:00.000,2013,7,17,3,20130717,3
2013-07-09 00:00:00.000,2013,7,9,3,20130709,2
2013-09-11 00:00:00.000,2013,9,11,3,20130911,3
2013-07-20 00:00:00.000,2013,7,20,3,20130720,6
2013-09-09 00:00:00.000,2013,9,9,3,20130909,1
2013-09-21 00:00:00.000,2013,9,21,3,20130921,6
2013-09-25 00:00:00.000,2013,9,25,3,20130925,3
2013-07-08 00:00:00.000,2013,7,8,3,20130708,1
2013-07-15 00:00:00.000,2013,7,15,3,20130715,1
2013-07-03 00:00:00.000,2013,7,3,3,20130703,3
2013-09-24 00:00:00.000,2013,9,24,3,20130924,2
2013-07-25 00:00:00.000,2013,7,25,3,20130725,4
2013-07-19 00:00:00.000,2013,7,19,3,20130719,5
2013-07-26 00:00:00.000,2013,7,26,3,20130726,5
2013-07-13 00:00:00.000,2013,7,13,3,20130713,6
2013-08-04 00:00:00.000,2013,8,4,3,20130804,0
2013-07-04 00:00:00.000,2013,7,4,3,20130704,4
2013-08-13 00:00:00.000,2013,8,13,3,20130813,2
2013-08-27 00:00:00.000,2013,8,27,3,20130827,2
2013-09-14 00:00:00.000,2013,9,14,3,20130914,6
2013-09-18 00:00:00.000,2013,9,18,3,20130918,3
2013-09-19 00:00:00.000,2013,9,19,3,20130919,4
2013-09-03 00:00:00.000,2013,9,3,3,20130903,2
2013-08-09 00:00:00.000,2013,8,9,3,20130809,5
2013-07-29 00:00:00.000,2013,7,29,3,20130729,1
2013-09-23 00:00:00.000,2013,9,23,3,20130923,1
2013-09-10 00:00:00.000,2013,9,10,3,20130910,2
2013-08-05 00:00:00.000,2013,8,5,3,20130805,1
2013-09-06 00:00:00.000,2013,9,6,3,20130906,5
2013-07-24 00:00:00.000,2013,7,24,3,20130724,3
2013-07-31 00:00:00.000,2013,7,31,3,20130731,3
2013-09-13 00:00:00.000,2013,9,13,3,20130913,5
2013-08-17 00:00:00.000,2013,8,17,3,20130817,6
2013-08-19 00:00:00.000,2013,8,19,3,20130819,1
2013-07-23 00:00:00.000,2013,7,23,3,20130723,2
2013-07-30 00:00:00.000,2013,7,30,3,20130730,2
2013-09-02 00:00:00.000,2013,9,2,3,20130902,1
2013-08-28 00:00:00.000,2013,8,28,3,20130828,3
2013-09-16 00:00:00.000,2013,9,16,3,20130916,1
2013-09-01 00:00:00.000,2013,9,1,3,20130901,0
2013-09-05 00:00:00.000,2013,9,5,3,20130905,4
2013-08-16 00:00:00.000,2013,8,16,3,20130816,5
2013-08-10 00:00:00.000,2013,8,10,3,20130810,6
2013-08-15 00:00:00.000,2013,8,15,3,20130815,4
2013-07-16 00:00:00.000,2013,7,16,3,20130716,2
2013-08-22 00:00:00.000,2013,8,22,3,20130822,4
2013-09-28 00:00:00.000,2013,9,28,3,20130928,6
2013-09-17 00:00:00.000,2013,9,17,3,20130917,2
2013-07-11 00:00:00.000,2013,7,11,3,20130711,4
2013-09-27 00:00:00.000,2013,9,27,3,20130927,5
2013-09-04 00:00:00.000,2013,9,4,3,20130904,3
2013-08-01 00:00:00.000,2013,8,1,3,20130801,4
2013-07-01 00:00:00.000,2013,7,1,3,20130701,1
2013-08-29 00:00:00.000,2013,8,29,3,20130829,4
2013-07-21 00:00:00.000,2013,7,21,3,20130721,0
2013-07-02 00:00:00.000,2013,7,2,3,20130702,2
2013-07-22 00:00:00.000,2013,7,22,3,20130722,1
2013-08-21 00:00:00.000,2013,8,21,3,20130821,3
2013-09-15 00:00:00.000,2013,9,15,3,20130915,0
2013-08-03 00:00:00.000,2013,8,3,3,20130803,6
2013-08-31 00:00:00.000,2013,8,31,3,20130831,6
2013-08-06 00:00:00.000,2013,8,6,3,20130806,2
2013-08-11 00:00:00.000,2013,8,11,3,20130811,0
2013-07-12 00:00:00.000,2013,7,12,3,20130712,5
2013-07-06 00:00:00.000,2013,7,6,3,20130706,6
2013-08-25 00:00:00.000,2013,8,25,3,20130825,0
2013-09-29 00:00:00.000,2013,9,29,3,20130929,0
2013-07-14 00:00:00.000,2013,7,14,3,20130714,0
2013-07-28 00:00:00.000,2013,7,28,3,20130728,0
2013-09-08 00:00:00.000,2013,9,8,3,20130908,0
2013-07-27 00:00:00.000,2013,7,27,3,20130727,6
2013-07-07 00:00:00.000,2013,7,7,3,20130707,0
2013-08-18 00:00:00.000,2013,8,18,3,20130818,0
2012-07-31 00:00:00.000,2012,7,31,3,20120731,2
2012-08-31 00:00:00.000,2012,8,31,3,20120831,5
2012-08-20 00:00:00.000,2012,8,20,3,20120820,1
2012-08-08 00:00:00.000,2012,8,8,3,20120808,3
2012-09-18 00:00:00.000,2012,9,18,3,20120918,2
2012-08-09 00:00:00.000,2012,8,9,3,20120809,4
2012-09-25 00:00:00.000,2012,9,25,3,20120925,2
2012-07-28 00:00:00.000,2012,7,28,3,20120728,6
2012-09-29 00:00:00.000,2012,9,29,3,20120929,6
2012-09-27 00:00:00.000,2012,9,27,3,20120927,4
2012-09-20 00:00:00.000,2012,9,20,3,20120920,4
2012-07-21 00:00:00.000,2012,7,21,3,20120721,6
2012-07-16 00:00:00.000,2012,7,16,3,20120716,1
2012-08-06 00:00:00.000,2012,8,6,3,20120806,1
2012-09-07 00:00:00.000,2012,9,7,3,20120907,5
2012-08-16 00:00:00.000,2012,8,16,3,20120816,4
2012-09-11 00:00:00.000,2012,9,11,3,20120911,2
2012-09-06 00:00:00.000,2012,9,6,3,20120906,4
2012-07-23 00:00:00.000,2012,7,23,3,20120723,1
2012-08-22 00:00:00.000,2012,8,22,3,20120822,3
2012-09-03 00:00:00.000,2012,9,3,3,20120903,1
2012-07-17 00:00:00.000,2012,7,17,3,20120717,2
2012-09-15 00:00:00.000,2012,9,15,3,20120915,6
2012-08-27 00:00:00.000,2012,8,27,3,20120827,1
2012-09-04 00:00:00.000,2012,9,4,3,20120904,2
2012-09-12 00:00:00.000,2012,9,12,3,20120912,3
2012-09-21 00:00:00.000,2012,9,21,3,20120921,5
2012-09-22 00:00:00.000,2012,9,22,3,20120922,6
2012-08-24 00:00:00.000,2012,8,24,3,20120824,5
2012-07-24 00:00:00.000,2012,7,24,3,20120724,2
2012-09-24 00:00:00.000,2012,9,24,3,20120924,1
2012-09-01 00:00:00.000,2012,9,1,3,20120901,6
2012-09-05 00:00:00.000,2012,9,5,3,20120905,3
2012-09-28 00:00:00.000,2012,9,28,3,20120928,5
2012-07-10 00:00:00.000,2012,7,10,3,20120710,2
2012-08-28 00:00:00.000,2012,8,28,3,20120828,2
2012-08-29 00:00:00.000,2012,8,29,3,20120829,3
2012-07-06 00:00:00.000,2012,7,6,3,20120706,5
2012-09-10 00:00:00.000,2012,9,10,3,20120910,1
2012-07-09 00:00:00.000,2012,7,9,3,20120709,1
2012-07-18 00:00:00.000,2012,7,18,3,20120718,3
2012-08-17 00:00:00.000,2012,8,17,3,20120817,5
2012-09-26 00:00:00.000,2012,9,26,3,20120926,3
2012-07-02 00:00:00.000,2012,7,2,3,20120702,1
2012-08-13 00:00:00.000,2012,8,13,3,20120813,1
2012-08-05 00:00:00.000,2012,8,5,3,20120805,0
2012-07-12 00:00:00.000,2012,7,12,3,20120712,4
2012-08-02 00:00:00.000,2012,8,2,3,20120802,4
2012-07-13 00:00:00.000,2012,7,13,3,20120713,5
2012-08-23 00:00:00.000,2012,8,23,3,20120823,4
2012-09-13 00:00:00.000,2012,9,13,3,20120913,4
2012-09-19 00:00:00.000,2012,9,19,3,20120919,3
2012-09-14 00:00:00.000,2012,9,14,3,20120914,5
2012-07-05 00:00:00.000,2012,7,5,3,20120705,4
2012-08-11 00:00:00.000,2012,8,11,3,20120811,6
2012-08-10 00:00:00.000,2012,8,10,3,20120810,5
2012-08-21 00:00:00.000,2012,8,21,3,20120821,2
2012-07-04 00:00:00.000,2012,7,4,3,20120704,3
2012-07-26 00:00:00.000,2012,7,26,3,20120726,4
2012-07-03 00:00:00.000,2012,7,3,3,20120703,2
2012-07-08 00:00:00.000,2012,7,8,3,20120708,0
2012-07-30 00:00:00.000,2012,7,30,3,20120730,1
2012-09-17 00:00:00.000,2012,9,17,3,20120917,1
2012-07-11 00:00:00.000,2012,7,11,3,20120711,3
2012-08-07 00:00:00.000,2012,8,7,3,20120807,2
2012-07-25 00:00:00.000,2012,7,25,3,20120725,3
2012-08-15 00:00:00.000,2012,8,15,3,20120815,3
2012-07-14 00:00:00.000,2012,7,14,3,20120714,6
2012-09-08 00:00:00.000,2012,9,8,3,20120908,6
2012-08-01 00:00:00.000,2012,8,1,3,20120801,3
2012-07-20 00:00:00.000,2012,7,20,3,20120720,5
2012-09-16 00:00:00.000,2012,9,16,3,20120916,0
2012-08-25 00:00:00.000,2012,8,25,3,20120825,6
2012-07-07 00:00:00.000,2012,7,7,3,20120707,6
2012-08-03 00:00:00.000,2012,8,3,3,20120803,5
2012-08-30 00:00:00.000,2012,8,30,3,20120830,4
2012-08-18 00:00:00.000,2012,8,18,3,20120818,6
2012-08-14 00:00:00.000,2012,8,14,3,20120814,2
2012-09-02 00:00:00.000,2012,9,2,3,20120902,0
2012-08-12 00:00:00.000,2012,8,12,3,20120812,0
2012-08-04 00:00:00.000,2012,8,4,3,20120804,6
2012-07-27 00:00:00.000,2012,7,27,3,20120727,5
2012-07-01 00:00:00.000,2012,7,1,3,20120701,0
2012-07-19 00:00:00.000,2012,7,19,3,20120719,4
2012-08-19 00:00:00.000,2012,8,19,3,20120819,0
2012-08-26 00:00:00.000,2012,8,26,3,20120826,0
2012-07-15 00:00:00.000,2012,7,15,3,20120715,0
2012-09-09 00:00:00.000,2012,9,9,3,20120909,0
2012-07-29 00:00:00.000,2012,7,29,3,20120729,0
2012-09-23 00:00:00.000,2012,9,23,3,20120923,0
2012-09-30 00:00:00.000,2012,9,30,3,20120930,0
2012-07-22 00:00:00.000,2012,7,22,3,20120722,0
2012-03-19 00:00:00.000,2012,3,19,1,20120319,1
2012-01-05 00:00:00.000,2012,1,5,1,20120105,4
2012-01-23 00:00:00.000,2012,1,23,1,20120123,1
2012-03-21 00:00:00.000,2012,3,21,1,20120321,3
2012-03-28 00:00:00.000,2012,3,28,1,20120328,3
2012-02-01 00:00:00.000,2012,2,1,1,20120201,3
2012-02-09 00:00:00.000,2012,2,9,1,20120209,4
2012-02-10 00:00:00.000,2012,2,10,1,20120210,5
2012-02-29 00:00:00.000,2012,2,29,1,20120229,3
2012-02-03 00:00:00.000,2012,2,3,1,20120203,5
2012-03-26 00:00:00.000,2012,3,26,1,20120326,1
2012-02-06 00:00:00.000,2012,2,6,1,20120206,1
2012-03-01 00:00:00.000,2012,3,1,1,20120301,4
2012-02-27 00:00:00.000,2012,2,27,1,20120227,1
2012-01-04 00:00:00.000,2012,1,4,1,20120104,3
2012-01-02 00:00:00.000,2012,1,2,1,20120102,1
2012-03-30 00:00:00.000,2012,3,30,1,20120330,5
2012-03-29 00:00:00.000,2012,3,29,1,20120329,4
2012-03-08 00:00:00.000,2012,3,8,1,20120308,4
2012-02-18 00:00:00.000,2012,2,18,1,20120218,6
2012-03-02 00:00:00.000,2012,3,2,1,20120302,5
2012-03-20 00:00:00.000,2012,3,20,1,20120320,2
2012-03-05 00:00:00.000,2012,3,5,1,20120305,1
2012-01-26 00:00:00.000,2012,1,26,1,20120126,4
2012-03-09 00:00:00.000,2012,3,9,1,20120309,5
2012-03-17 00:00:00.000,2012,3,17,1,20120317,6
2012-03-16 00:00:00.000,2012,3,16,1,20120316,5
2012-03-13 00:00:00.000,2012,3,13,1,20120313,2
2012-02-08 00:00:00.000,2012,2,8,1,20120208,3
2012-02-15 00:00:00.000,2012,2,15,1,20120215,3
2012-01-28 00:00:00.000,2012,1,28,1,20120128,6
2012-02-14 00:00:00.000,2012,2,14,1,20120214,2
2012-03-22 00:00:00.000,2012,3,22,1,20120322,4
2012-03-24 00:00:00.000,2012,3,24,1,20120324,6
2012-01-09 00:00:00.000,2012,1,9,1,20120109,1
2012-01-03 00:00:00.000,2012,1,3,1,20120103,2
2012-02-16 00:00:00.000,2012,2,16,1,20120216,4
2012-01-30 00:00:00.000,2012,1,30,1,20120130,1
2012-03-12 00:00:00.000,2012,3,12,1,20120312,1
2012-03-31 00:00:00.000,2012,3,31,1,20120331,6
2012-01-12 00:00:00.000,2012,1,12,1,20120112,4
2012-01-24 00:00:00.000,2012,1,24,1,20120124,2
2012-02-21 00:00:00.000,2012,2,21,1,20120221,2
2012-03-23 00:00:00.000,2012,3,23,1,20120323,5
2012-02-23 00:00:00.000,2012,2,23,1,20120223,4
2012-02-22 00:00:00.000,2012,2,22,1,20120222,3
2012-03-27 00:00:00.000,2012,3,27,1,20120327,2
2012-01-13 00:00:00.000,2012,1,13,1,20120113,5
2012-01-19 00:00:00.000,2012,1,19,1,20120119,4
2012-03-06 00:00:00.000,2012,3,6,1,20120306,2
2012-03-07 00:00:00.000,2012,3,7,1,20120307,3
2012-03-10 00:00:00.000,2012,3,10,1,20120310,6
2012-02-07 00:00:00.000,2012,2,7,1,20120207,2
2012-01-31 00:00:00.000,2012,1,31,1,20120131,2
2012-01-06 00:00:00.000,2012,1,6,1,20120106,5
2012-01-17 00:00:00.000,2012,1,17,1,20120117,2
2012-02-20 00:00:00.000,2012,2,20,1,20120220,1
2012-02-25 00:00:00.000,2012,2,25,1,20120225,6
2012-03-15 00:00:00.000,2012,3,15,1,20120315,4
2012-03-14 00:00:00.000,2012,3,14,1,20120314,3
2012-01-27 00:00:00.000,2012,1,27,1,20120127,5
2012-02-05 00:00:00.000,2012,2,5,1,20120205,0
2012-01-18 00:00:00.000,2012,1,18,1,20120118,3
2012-02-02 00:00:00.000,2012,2,2,1,20120202,4
2012-01-11 00:00:00.000,2012,1,11,1,20120111,3
2012-02-13 00:00:00.000,2012,2,13,1,20120213,1
2012-01-16 00:00:00.000,2012,1,16,1,20120116,1
2012-01-25 00:00:00.000,2012,1,25,1,20120125,3
2012-01-10 00:00:00.000,2012,1,10,1,20120110,2
2012-01-14 00:00:00.000,2012,1,14,1,20120114,6
2012-02-11 00:00:00.000,2012,2,11,1,20120211,6
2012-02-28 00:00:00.000,2012,2,28,1,20120228,2
2012-01-20 00:00:00.000,2012,1,20,1,20120120,5
2012-01-07 00:00:00.000,2012,1,7,1,20120107,6
2012-03-03 00:00:00.000,2012,3,3,1,20120303,6
2012-02-17 00:00:00.000,2012,2,17,1,20120217,5
2012-01-22 00:00:00.000,2012,1,22,1,20120122,0
2012-02-24 00:00:00.000,2012,2,24,1,20120224,5
2012-01-21 00:00:00.000,2012,1,21,1,20120121,6
2012-02-04 00:00:00.000,2012,2,4,1,20120204,6
2012-03-11 00:00:00.000,2012,3,11,1,20120311,0
2012-01-08 00:00:00.000,2012,1,8,1,20120108,0
2012-02-12 00:00:00.000,2012,2,12,1,20120212,0
2012-01-29 00:00:00.000,2012,1,29,1,20120129,0
2012-01-15 00:00:00.000,2012,1,15,1,20120115,0
2012-02-26 00:00:00.000,2012,2,26,1,20120226,0
2012-03-04 00:00:00.000,2012,3,4,1,20120304,0
2012-02-19 00:00:00.000,2012,2,19,1,20120219,0
2012-01-01 00:00:00.000,2012,1,1,1,20120101,0
2012-03-18 00:00:00.000,2012,3,18,1,20120318,0
2012-03-25 00:00:00.000,2012,3,25,1,20120325,0
2012-05-19 00:00:00.000,2012,5,19,2,20120519,6
2012-05-28 00:00:00.000,2012,5,28,2,20120528,1
2012-04-24 00:00:00.000,2012,4,24,2,20120424,2
2012-04-19 00:00:00.000,2012,4,19,2,20120419,4
2012-06-13 00:00:00.000,2012,6,13,2,20120613,3
2012-06-11 00:00:00.000,2012,6,11,2,20120611,1
2012-04-12 00:00:00.000,2012,4,12,2,20120412,4
2012-06-12 00:00:00.000,2012,6,12,2,20120612,2
2012-06-29 00:00:00.000,2012,6,29,2,20120629,5
2012-04-16 00:00:00.000,2012,4,16,2,20120416,1
2012-06-08 00:00:00.000,2012,6,8,2,20120608,5
2012-06-20 00:00:00.000,2012,6,20,2,20120620,3
2012-06-01 00:00:00.000,2012,6,1,2,20120601,5
2012-05-14 00:00:00.000,2012,5,14,2,20120514,1
2012-04-13 00:00:00.000,2012,4,13,2,20120413,5
2012-05-17 00:00:00.000,2012,5,17,2,20120517,4
2012-05-16 00:00:00.000,2012,5,16,2,20120516,3
2012-05-31 00:00:00.000,2012,5,31,2,20120531,4
2012-04-06 00:00:00.000,2012,4,6,2,20120406,5
2012-04-09 00:00:00.000,2012,4,9,2,20120409,1
2012-06-09 00:00:00.000,2012,6,9,2,20120609,6
2012-04-18 00:00:00.000,2012,4,18,2,20120418,3
2012-05-21 00:00:00.000,2012,5,21,2,20120521,1
2012-04-05 00:00:00.000,2012,4,5,2,20120405,4
2012-05-30 00:00:00.000,2012,5,30,2,20120530,3
2012-04-30 00:00:00.000,2012,4,30,2,20120430,1
2012-06-28 00:00:00.000,2012,6,28,2,20120628,4
2012-05-29 00:00:00.000,2012,5,29,2,20120529,2
2012-05-01 00:00:00.000,2012,5,1,2,20120501,2
2012-06-23 00:00:00.000,2012,6,23,2,20120623,6
2012-04-21 00:00:00.000,2012,4,21,2,20120421,6
2012-05-03 00:00:00.000,2012,5,3,2,20120503,4
2012-04-20 00:00:00.000,2012,4,20,2,20120420,5
2012-05-25 00:00:00.000,2012,5,25,2,20120525,5
2012-05-08 00:00:00.000,2012,5,8,2,20120508,2
2012-05-04 00:00:00.000,2012,5,4,2,20120504,5
2012-04-04 00:00:00.000,2012,4,4,2,20120404,3
2012-04-11 00:00:00.000,2012,4,11,2,20120411,3
2012-06-19 00:00:00.000,2012,6,19,2,20120619,2
2012-04-25 00:00:00.000,2012,4,25,2,20120425,3
2012-06-05 00:00:00.000,2012,6,5,2,20120605,2
2012-06-26 00:00:00.000,2012,6,26,2,20120626,2
2012-06-25 00:00:00.000,2012,6,25,2,20120625,1
2012-05-02 00:00:00.000,2012,5,2,2,20120502,3
2012-04-14 00:00:00.000,2012,4,14,2,20120414,6
2012-06-16 00:00:00.000,2012,6,16,2,20120616,6
2012-05-23 00:00:00.000,2012,5,23,2,20120523,3
2012-06-14 00:00:00.000,2012,6,14,2,20120614,4
2012-04-28 00:00:00.000,2012,4,28,2,20120428,6
2012-04-26 00:00:00.000,2012,4,26,2,20120426,4
2012-06-18 00:00:00.000,2012,6,18,2,20120618,1
2012-06-21 00:00:00.000,2012,6,21,2,20120621,4
2012-04-27 00:00:00.000,2012,4,27,2,20120427,5
2012-06-22 00:00:00.000,2012,6,22,2,20120622,5
2012-05-10 00:00:00.000,2012,5,10,2,20120510,4
2012-06-15 00:00:00.000,2012,6,15,2,20120615,5
2012-04-07 00:00:00.000,2012,4,7,2,20120407,6
2012-05-12 00:00:00.000,2012,5,12,2,20120512,6
2012-04-10 00:00:00.000,2012,4,10,2,20120410,2
2012-05-11 00:00:00.000,2012,5,11,2,20120511,5
2012-04-02 00:00:00.000,2012,4,2,2,20120402,1
2012-05-07 00:00:00.000,2012,5,7,2,20120507,1
2012-05-15 00:00:00.000,2012,5,15,2,20120515,2
2012-06-07 00:00:00.000,2012,6,7,2,20120607,4
2012-05-26 00:00:00.000,2012,5,26,2,20120526,6
2012-05-13 00:00:00.000,2012,5,13,2,20120513,0
2012-04-17 00:00:00.000,2012,4,17,2,20120417,2
2012-05-22 00:00:00.000,2012,5,22,2,20120522,2
2012-04-22 00:00:00.000,2012,4,22,2,20120422,0
2012-05-20 00:00:00.000,2012,5,20,2,20120520,0
2012-05-09 00:00:00.000,2012,5,9,2,20120509,3
2012-04-29 00:00:00.000,2012,4,29,2,20120429,0
2012-06-04 00:00:00.000,2012,6,4,2,20120604,1
2012-05-18 00:00:00.000,2012,5,18,2,20120518,5
2012-06-02 00:00:00.000,2012,6,2,2,20120602,6
2012-06-27 00:00:00.000,2012,6,27,2,20120627,3
2012-04-23 00:00:00.000,2012,4,23,2,20120423,1
2012-06-06 00:00:00.000,2012,6,6,2,20120606,3
2012-06-30 00:00:00.000,2012,6,30,2,20120630,6
2012-04-03 00:00:00.000,2012,4,3,2,20120403,2
2012-05-24 00:00:00.000,2012,5,24,2,20120524,4
2012-05-27 00:00:00.000,2012,5,27,2,20120527,0
2012-06-10 00:00:00.000,2012,6,10,2,20120610,0
2012-04-01 00:00:00.000,2012,4,1,2,20120401,0
2012-05-05 00:00:00.000,2012,5,5,2,20120505,6
2012-06-24 00:00:00.000,2012,6,24,2,20120624,0
2012-06-03 00:00:00.000,2012,6,3,2,20120603,0
2012-05-06 00:00:00.000,2012,5,6,2,20120506,0
2012-06-17 00:00:00.000,2012,6,17,2,20120617,0
2012-04-15 00:00:00.000,2012,4,15,2,20120415,0
2012-04-08 00:00:00.000,2012,4,8,2,20120408,0
2012-11-30 00:00:00.000,2012,11,30,4,20121130,5
2012-11-29 00:00:00.000,2012,11,29,4,20121129,4
2012-11-09 00:00:00.000,2012,11,9,4,20121109,5
2012-12-10 00:00:00.000,2012,12,10,4,20121210,1
2012-11-16 00:00:00.000,2012,11,16,4,20121116,5
2012-11-26 00:00:00.000,2012,11,26,4,20121126,1
2012-11-02 00:00:00.000,2012,11,2,4,20121102,5
2012-12-03 00:00:00.000,2012,12,3,4,20121203,1
2012-11-15 00:00:00.000,2012,11,15,4,20121115,4
2012-12-20 00:00:00.000,2012,12,20,4,20121220,4
2012-11-12 00:00:00.000,2012,11,12,4,20121112,1
2012-12-04 00:00:00.000,2012,12,4,4,20121204,2
2012-12-22 00:00:00.000,2012,12,22,4,20121222,6
2012-12-21 00:00:00.000,2012,12,21,4,20121221,5
2012-10-29 00:00:00.000,2012,10,29,4,20121029,1
2012-11-19 00:00:00.000,2012,11,19,4,20121119,1
2012-12-14 00:00:00.000,2012,12,14,4,20121214,5
2012-11-01 00:00:00.000,2012,11,1,4,20121101,4
2012-11-27 00:00:00.000,2012,11,27,4,20121127,2
2012-11-20 00:00:00.000,2012,11,20,4,20121120,2
2012-10-05 00:00:00.000,2012,10,5,4,20121005,5
2012-11-14 00:00:00.000,2012,11,14,4,20121114,3
2012-11-22 00:00:00.000,2012,11,22,4,20121122,4
2012-12-19 00:00:00.000,2012,12,19,4,20121219,3
2012-12-05 00:00:00.000,2012,12,5,4,20121205,3
2012-12-27 00:00:00.000,2012,12,27,4,20121227,4
2012-10-12 00:00:00.000,2012,10,12,4,20121012,5
2012-11-21 00:00:00.000,2012,11,21,4,20121121,3
2012-11-07 00:00:00.000,2012,11,7,4,20121107,3
2012-12-08 00:00:00.000,2012,12,8,4,20121208,6
2012-12-01 00:00:00.000,2012,12,1,4,20121201,6
2012-11-05 00:00:00.000,2012,11,5,4,20121105,1
2012-12-11 00:00:00.000,2012,12,11,4,20121211,2
2012-10-02 00:00:00.000,2012,10,2,4,20121002,2
2012-11-13 00:00:00.000,2012,11,13,4,20121113,2
2012-11-06 00:00:00.000,2012,11,6,4,20121106,2
2012-11-24 00:00:00.000,2012,11,24,4,20121124,6
2012-10-18 00:00:00.000,2012,10,18,4,20121018,4
2012-11-08 00:00:00.000,2012,11,8,4,20121108,4
2012-10-25 00:00:00.000,2012,10,25,4,20121025,4
2012-12-18 00:00:00.000,2012,12,18,4,20121218,2
2012-10-23 00:00:00.000,2012,10,23,4,20121023,2
2012-12-31 00:00:00.000,2012,12,31,4,20121231,1
2012-12-15 00:00:00.000,2012,12,15,4,20121215,6
2012-10-10 00:00:00.000,2012,10,10,4,20121010,3
2012-10-16 00:00:00.000,2012,10,16,4,20121016,2
2012-11-17 00:00:00.000,2012,11,17,4,20121117,6
2012-12-12 00:00:00.000,2012,12,12,4,20121212,3
2012-12-26 00:00:00.000,2012,12,26,4,20121226,3
2012-11-23 00:00:00.000,2012,11,23,4,20121123,5
2012-11-28 00:00:00.000,2012,11,28,4,20121128,3
2012-12-25 00:00:00.000,2012,12,25,4,20121225,2
2012-11-11 00:00:00.000,2012,11,11,4,20121111,0
2012-10-11 00:00:00.000,2012,10,11,4,20121011,4
2012-10-19 00:00:00.000,2012,10,19,4,20121019,5
2012-10-13 00:00:00.000,2012,10,13,4,20121013,6
2012-10-01 00:00:00.000,2012,10,1,4,20121001,1
2012-12-23 00:00:00.000,2012,12,23,4,20121223,0
2012-10-24 00:00:00.000,2012,10,24,4,20121024,3
2012-12-28 00:00:00.000,2012,12,28,4,20121228,5
2012-12-24 00:00:00.000,2012,12,24,4,20121224,1
2012-11-03 00:00:00.000,2012,11,3,4,20121103,6
2012-10-04 00:00:00.000,2012,10,4,4,20121004,4
2012-11-10 00:00:00.000,2012,11,10,4,20121110,6
2012-10-31 00:00:00.000,2012,10,31,4,20121031,3
2012-10-30 00:00:00.000,2012,10,30,4,20121030,2
2012-10-09 00:00:00.000,2012,10,9,4,20121009,2
2012-10-03 00:00:00.000,2012,10,3,4,20121003,3
2012-12-13 00:00:00.000,2012,12,13,4,20121213,4
2012-10-08 00:00:00.000,2012,10,8,4,20121008,1
2012-10-15 00:00:00.000,2012,10,15,4,20121015,1
2012-12-07 00:00:00.000,2012,12,7,4,20121207,5
2012-12-29 00:00:00.000,2012,12,29,4,20121229,6
2012-12-06 00:00:00.000,2012,12,6,4,20121206,4
2012-12-17 00:00:00.000,2012,12,17,4,20121217,1
2012-12-30 00:00:00.000,2012,12,30,4,20121230,0
2012-10-26 00:00:00.000,2012,10,26,4,20121026,5
2012-10-20 00:00:00.000,2012,10,20,4,20121020,6
2012-10-17 00:00:00.000,2012,10,17,4,20121017,3
2012-12-09 00:00:00.000,2012,12,9,4,20121209,0
2012-10-28 00:00:00.000,2012,10,28,4,20121028,0
2012-12-16 00:00:00.000,2012,12,16,4,20121216,0
2012-10-22 00:00:00.000,2012,10,22,4,20121022,1
2012-10-07 00:00:00.000,2012,10,7,4,20121007,0
2012-11-04 00:00:00.000,2012,11,4,4,20121104,0
2012-10-27 00:00:00.000,2012,10,27,4,20121027,6
2012-10-06 00:00:00.000,2012,10,6,4,20121006,6
2012-11-25 00:00:00.000,2012,11,25,4,20121125,0
2012-12-02 00:00:00.000,2012,12,2,4,20121202,0
2012-11-18 00:00:00.000,2012,11,18,4,20121118,0
2012-10-14 00:00:00.000,2012,10,14,4,20121014,0
2012-10-21 00:00:00.000,2012,10,21,4,20121021,0
2011-10-03 00:00:00.000,2011,10,3,4,20111003,1
2011-12-15 00:00:00.000,2011,12,15,4,20111215,4
2011-11-02 00:00:00.000,2011,11,2,4,20111102,3
2011-11-07 00:00:00.000,2011,11,7,4,20111107,1
2011-12-20 00:00:00.000,2011,12,20,4,20111220,2
2011-11-23 00:00:00.000,2011,11,23,4,20111123,3
2011-12-26 00:00:00.000,2011,12,26,4,20111226,1
2011-12-22 00:00:00.000,2011,12,22,4,20111222,4
2011-12-30 00:00:00.000,2011,12,30,4,20111230,5
2011-11-01 00:00:00.000,2011,11,1,4,20111101,2
2011-11-08 00:00:00.000,2011,11,8,4,20111108,2
2011-12-14 00:00:00.000,2011,12,14,4,20111214,3
2011-10-10 00:00:00.000,2011,10,10,4,20111010,1
2011-12-05 00:00:00.000,2011,12,5,4,20111205,1
2011-12-02 00:00:00.000,2011,12,2,4,20111202,5
2011-11-04 00:00:00.000,2011,11,4,4,20111104,5
2011-11-21 00:00:00.000,2011,11,21,4,20111121,1
2011-12-23 00:00:00.000,2011,12,23,4,20111223,5
2011-12-16 00:00:00.000,2011,12,16,4,20111216,5
2011-11-24 00:00:00.000,2011,11,24,4,20111124,4
2011-10-19 00:00:00.000,2011,10,19,4,20111019,3
2011-10-21 00:00:00.000,2011,10,21,4,20111021,5
2011-11-19 00:00:00.000,2011,11,19,4,20111119,6
2011-12-09 00:00:00.000,2011,12,9,4,20111209,5
2011-12-07 00:00:00.000,2011,12,7,4,20111207,3
2011-11-28 00:00:00.000,2011,11,28,4,20111128,1
2011-11-17 00:00:00.000,2011,11,17,4,20111117,4
2011-10-28 00:00:00.000,2011,10,28,4,20111028,5
2011-10-04 00:00:00.000,2011,10,4,4,20111004,2
2011-12-29 00:00:00.000,2011,12,29,4,20111229,4
2011-10-17 00:00:00.000,2011,10,17,4,20111017,1
2011-11-09 00:00:00.000,2011,11,9,4,20111109,3
2011-11-30 00:00:00.000,2011,11,30,4,20111130,3
2011-12-08 00:00:00.000,2011,12,8,4,20111208,4
2011-11-18 00:00:00.000,2011,11,18,4,20111118,5
2011-11-11 00:00:00.000,2011,11,11,4,20111111,5
2011-11-22 00:00:00.000,2011,11,22,4,20111122,2
2011-10-31 00:00:00.000,2011,10,31,4,20111031,1
2011-12-06 00:00:00.000,2011,12,6,4,20111206,2
2011-12-12 00:00:00.000,2011,12,12,4,20111212,1
2011-10-02 00:00:00.000,2011,10,2,4,20111002,0
2011-10-24 00:00:00.000,2011,10,24,4,20111024,1
2011-12-21 00:00:00.000,2011,12,21,4,20111221,3
2011-11-05 00:00:00.000,2011,11,5,4,20111105,6
2011-10-06 00:00:00.000,2011,10,6,4,20111006,4
2011-10-22 00:00:00.000,2011,10,22,4,20111022,6
2011-10-18 00:00:00.000,2011,10,18,4,20111018,2
2011-12-31 00:00:00.000,2011,12,31,4,20111231,6
2011-12-24 00:00:00.000,2011,12,24,4,20111224,6
2011-12-13 00:00:00.000,2011,12,13,4,20111213,2
2011-10-11 00:00:00.000,2011,10,11,4,20111011,2
2011-11-15 00:00:00.000,2011,11,15,4,20111115,2
2011-10-07 00:00:00.000,2011,10,7,4,20111007,5
2011-11-27 00:00:00.000,2011,11,27,4,20111127,0
2011-11-16 00:00:00.000,2011,11,16,4,20111116,3
2011-11-25 00:00:00.000,2011,11,25,4,20111125,5
2011-11-03 00:00:00.000,2011,11,3,4,20111103,4
2011-10-08 00:00:00.000,2011,10,8,4,20111008,6
2011-12-27 00:00:00.000,2011,12,27,4,20111227,2
2011-12-01 00:00:00.000,2011,12,1,4,20111201,4
2011-12-19 00:00:00.000,2011,12,19,4,20111219,1
2011-11-06 00:00:00.000,2011,11,6,4,20111106,0
2011-11-10 00:00:00.000,2011,11,10,4,20111110,4
2011-11-12 00:00:00.000,2011,11,12,4,20111112,6
2011-12-03 00:00:00.000,2011,12,3,4,20111203,6
2011-10-13 00:00:00.000,2011,10,13,4,20111013,4
2011-12-17 00:00:00.000,2011,12,17,4,20111217,6
2011-11-26 00:00:00.000,2011,11,26,4,20111126,6
2011-11-14 00:00:00.000,2011,11,14,4,20111114,1
2011-12-04 00:00:00.000,2011,12,4,4,20111204,0
2011-11-29 00:00:00.000,2011,11,29,4,20111129,2
2011-10-20 00:00:00.000,2011,10,20,4,20111020,4
2011-10-09 00:00:00.000,2011,10,9,4,20111009,0
2011-10-12 00:00:00.000,2011,10,12,4,20111012,3
2011-10-25 00:00:00.000,2011,10,25,4,20111025,2
2011-11-20 00:00:00.000,2011,11,20,4,20111120,0
2011-12-28 00:00:00.000,2011,12,28,4,20111228,3
2011-10-15 00:00:00.000,2011,10,15,4,20111015,6
2011-10-27 00:00:00.000,2011,10,27,4,20111027,4
2011-12-10 00:00:00.000,2011,12,10,4,20111210,6
2011-10-14 00:00:00.000,2011,10,14,4,20111014,5
2011-10-05 00:00:00.000,2011,10,5,4,20111005,3
2011-10-29 00:00:00.000,2011,10,29,4,20111029,6
2011-10-26 00:00:00.000,2011,10,26,4,20111026,3
2011-10-30 00:00:00.000,2011,10,30,4,20111030,0
2011-10-01 00:00:00.000,2011,10,1,4,20111001,6
2011-11-13 00:00:00.000,2011,11,13,4,20111113,0
2011-12-11 00:00:00.000,2011,12,11,4,20111211,0
2011-12-25 00:00:00.000,2011,12,25,4,20111225,0
2011-10-16 00:00:00.000,2011,10,16,4,20111016,0
2011-12-18 00:00:00.000,2011,12,18,4,20111218,0
2011-10-23 00:00:00.000,2011,10,23,4,20111023,0
2011-08-16 00:00:00.000,2011,8,16,3,20110816,2
2011-08-13 00:00:00.000,2011,8,13,3,20110813,6
2011-07-19 00:00:00.000,2011,7,19,3,20110719,2
2011-09-14 00:00:00.000,2011,9,14,3,20110914,3
2011-07-16 00:00:00.000,2011,7,16,3,20110716,6
2011-09-02 00:00:00.000,2011,9,2,3,20110902,5
2011-08-18 00:00:00.000,2011,8,18,3,20110818,4
2011-07-29 00:00:00.000,2011,7,29,3,20110729,5
2011-09-21 00:00:00.000,2011,9,21,3,20110921,3
2011-08-12 00:00:00.000,2011,8,12,3,20110812,5
2011-08-29 00:00:00.000,2011,8,29,3,20110829,1
2011-08-27 00:00:00.000,2011,8,27,3,20110827,6
2011-08-06 00:00:00.000,2011,8,6,3,20110806,6
2011-07-25 00:00:00.000,2011,7,25,3,20110725,1
2011-09-07 00:00:00.000,2011,9,7,3,20110907,3
2011-07-08 00:00:00.000,2011,7,8,3,20110708,5
2011-09-12 00:00:00.000,2011,9,12,3,20110912,1
2011-09-30 00:00:00.000,2011,9,30,3,20110930,5
2011-09-09 00:00:00.000,2011,9,9,3,20110909,5
2011-07-23 00:00:00.000,2011,7,23,3,20110723,6
2011-09-22 00:00:00.000,2011,9,22,3,20110922,4
2011-07-05 00:00:00.000,2011,7,5,3,20110705,2
2011-08-26 00:00:00.000,2011,8,26,3,20110826,5
2011-08-25 00:00:00.000,2011,8,25,3,20110825,4
2011-09-17 00:00:00.000,2011,9,17,3,20110917,6
2011-09-05 00:00:00.000,2011,9,5,3,20110905,1
2011-08-24 00:00:00.000,2011,8,24,3,20110824,3
2011-09-28 00:00:00.000,2011,9,28,3,20110928,3
2011-07-02 00:00:00.000,2011,7,2,3,20110702,6
2011-09-08 00:00:00.000,2011,9,8,3,20110908,4
2011-08-15 00:00:00.000,2011,8,15,3,20110815,1
2011-09-01 00:00:00.000,2011,9,1,3,20110901,4
2011-07-21 00:00:00.000,2011,7,21,3,20110721,4
2011-07-14 00:00:00.000,2011,7,14,3,20110714,4
2011-08-05 00:00:00.000,2011,8,5,3,20110805,5
2011-07-12 00:00:00.000,2011,7,12,3,20110712,2
2011-08-09 00:00:00.000,2011,8,9,3,20110809,2
2011-08-23 00:00:00.000,2011,8,23,3,20110823,2
2011-07-30 00:00:00.000,2011,7,30,3,20110730,6
2011-08-17 00:00:00.000,2011,8,17,3,20110817,3
2011-09-29 00:00:00.000,2011,9,29,3,20110929,4
2011-09-11 00:00:00.000,2011,9,11,3,20110911,0
2011-07-09 00:00:00.000,2011,7,9,3,20110709,6
2011-09-10 00:00:00.000,2011,9,10,3,20110910,6
2011-09-13 00:00:00.000,2011,9,13,3,20110913,2
2011-09-23 00:00:00.000,2011,9,23,3,20110923,5
2011-08-20 00:00:00.000,2011,8,20,3,20110820,6
2011-09-26 00:00:00.000,2011,9,26,3,20110926,1
2011-07-15 00:00:00.000,2011,7,15,3,20110715,5
2011-07-26 00:00:00.000,2011,7,26,3,20110726,2
2011-08-01 00:00:00.000,2011,8,1,3,20110801,1
2011-07-22 00:00:00.000,2011,7,22,3,20110722,5
2011-07-04 00:00:00.000,2011,7,4,3,20110704,1
2011-09-20 00:00:00.000,2011,9,20,3,20110920,2
2011-09-27 00:00:00.000,2011,9,27,3,20110927,2
2011-08-19 00:00:00.000,2011,8,19,3,20110819,5
2011-07-11 00:00:00.000,2011,7,11,3,20110711,1
2011-08-22 00:00:00.000,2011,8,22,3,20110822,1
2011-07-18 00:00:00.000,2011,7,18,3,20110718,1
2011-09-24 00:00:00.000,2011,9,24,3,20110924,6
2011-08-08 00:00:00.000,2011,8,8,3,20110808,1
2011-07-27 00:00:00.000,2011,7,27,3,20110727,3
2011-09-03 00:00:00.000,2011,9,3,3,20110903,6
2011-08-03 00:00:00.000,2011,8,3,3,20110803,3
2011-08-04 00:00:00.000,2011,8,4,3,20110804,4
2011-08-11 00:00:00.000,2011,8,11,3,20110811,4
2011-09-19 00:00:00.000,2011,9,19,3,20110919,1
2011-07-20 00:00:00.000,2011,7,20,3,20110720,3
2011-09-06 00:00:00.000,2011,9,6,3,20110906,2
2011-07-28 00:00:00.000,2011,7,28,3,20110728,4
2011-07-06 00:00:00.000,2011,7,6,3,20110706,3
2011-09-15 00:00:00.000,2011,9,15,3,20110915,4
2011-09-16 00:00:00.000,2011,9,16,3,20110916,5
2011-09-25 00:00:00.000,2011,9,25,3,20110925,0
2011-08-31 00:00:00.000,2011,8,31,3,20110831,3
2011-08-30 00:00:00.000,2011,8,30,3,20110830,2
2011-07-01 00:00:00.000,2011,7,1,3,20110701,5
2011-08-10 00:00:00.000,2011,8,10,3,20110810,3
2011-07-13 00:00:00.000,2011,7,13,3,20110713,3
2011-08-21 00:00:00.000,2011,8,21,3,20110821,0
2011-07-07 00:00:00.000,2011,7,7,3,20110707,4
2011-08-02 00:00:00.000,2011,8,2,3,20110802,2
2011-07-31 00:00:00.000,2011,7,31,3,20110731,0
2011-08-07 00:00:00.000,2011,8,7,3,20110807,0
2011-09-18 00:00:00.000,2011,9,18,3,20110918,0
2011-07-17 00:00:00.000,2011,7,17,3,20110717,0
2011-07-24 00:00:00.000,2011,7,24,3,20110724,0
2011-07-03 00:00:00.000,2011,7,3,3,20110703,0
2011-08-28 00:00:00.000,2011,8,28,3,20110828,0
2011-08-14 00:00:00.000,2011,8,14,3,20110814,0
2011-09-04 00:00:00.000,2011,9,4,3,20110904,0
2011-07-10 00:00:00.000,2011,7,10,3,20110710,0
2011-06-15 00:00:00.000,2011,6,15,2,20110615,3
2011-05-24 00:00:00.000,2011,5,24,2,20110524,2
2011-04-22 00:00:00.000,2011,4,22,2,20110422,5
2011-06-26 00:00:00.000,2011,6,26,2,20110626,0
2011-06-08 00:00:00.000,2011,6,8,2,20110608,3
2011-06-21 00:00:00.000,2011,6,21,2,20110621,2
2011-05-05 00:00:00.000,2011,5,5,2,20110505,4
2011-04-20 00:00:00.000,2011,4,20,2,20110420,3
2011-04-28 00:00:00.000,2011,4,28,2,20110428,4
2011-05-10 00:00:00.000,2011,5,10,2,20110510,2
2011-05-03 00:00:00.000,2011,5,3,2,20110503,2
2011-04-08 00:00:00.000,2011,4,8,2,20110408,5
2011-05-25 00:00:00.000,2011,5,25,2,20110525,3
2011-04-18 00:00:00.000,2011,4,18,2,20110418,1
2011-06-02 00:00:00.000,2011,6,2,2,20110602,4
2011-04-06 00:00:00.000,2011,4,6,2,20110406,3
2011-04-05 00:00:00.000,2011,4,5,2,20110405,2
2011-05-18 00:00:00.000,2011,5,18,2,20110518,3
2011-05-30 00:00:00.000,2011,5,30,2,20110530,1
2011-05-11 00:00:00.000,2011,5,11,2,20110511,3
2011-06-27 00:00:00.000,2011,6,27,2,20110627,1
2011-06-17 00:00:00.000,2011,6,17,2,20110617,5
2011-05-21 00:00:00.000,2011,5,21,2,20110521,6
2011-04-04 00:00:00.000,2011,4,4,2,20110404,1
2011-06-07 00:00:00.000,2011,6,7,2,20110607,2
2011-05-14 00:00:00.000,2011,5,14,2,20110514,6
2011-04-29 00:00:00.000,2011,4,29,2,20110429,5
2011-05-28 00:00:00.000,2011,5,28,2,20110528,6
2011-06-30 00:00:00.000,2011,6,30,2,20110630,4
2011-04-25 00:00:00.000,2011,4,25,2,20110425,1
2011-04-11 00:00:00.000,2011,4,11,2,20110411,1
2011-06-01 00:00:00.000,2011,6,1,2,20110601,3
2011-06-29 00:00:00.000,2011,6,29,2,20110629,3
2011-04-23 00:00:00.000,2011,4,23,2,20110423,6
2011-05-04 00:00:00.000,2011,5,4,2,20110504,3
2011-04-03 00:00:00.000,2011,4,3,2,20110403,0
2011-05-13 00:00:00.000,2011,5,13,2,20110513,5
2011-06-16 00:00:00.000,2011,6,16,2,20110616,4
2011-06-13 00:00:00.000,2011,6,13,2,20110613,1
2011-05-02 00:00:00.000,2011,5,2,2,20110502,1
2011-06-09 00:00:00.000,2011,6,9,2,20110609,4
2011-05-08 00:00:00.000,2011,5,8,2,20110508,0
2011-04-26 00:00:00.000,2011,4,26,2,20110426,2
2011-05-06 00:00:00.000,2011,5,6,2,20110506,5
2011-04-13 00:00:00.000,2011,4,13,2,20110413,3
2011-06-18 00:00:00.000,2011,6,18,2,20110618,6
2011-04-07 00:00:00.000,2011,4,7,2,20110407,4
2011-05-27 00:00:00.000,2011,5,27,2,20110527,5
2011-06-22 00:00:00.000,2011,6,22,2,20110622,3
2011-05-16 00:00:00.000,2011,5,16,2,20110516,1
2011-06-23 00:00:00.000,2011,6,23,2,20110623,4
2011-05-12 00:00:00.000,2011,5,12,2,20110512,4
2011-05-26 00:00:00.000,2011,5,26,2,20110526,4
2011-05-19 00:00:00.000,2011,5,19,2,20110519,4
2011-05-20 00:00:00.000,2011,5,20,2,20110520,5
2011-06-06 00:00:00.000,2011,6,6,2,20110606,1
2011-06-03 00:00:00.000,2011,6,3,2,20110603,5
2011-04-21 00:00:00.000,2011,4,21,2,20110421,4
2011-04-01 00:00:00.000,2011,4,1,2,20110401,5
2011-05-23 00:00:00.000,2011,5,23,2,20110523,1
2011-06-14 00:00:00.000,2011,6,14,2,20110614,2
2011-06-28 00:00:00.000,2011,6,28,2,20110628,2
2011-04-12 00:00:00.000,2011,4,12,2,20110412,2
2011-05-22 00:00:00.000,2011,5,22,2,20110522,0
2011-06-10 00:00:00.000,2011,6,10,2,20110610,5
2011-06-04 00:00:00.000,2011,6,4,2,20110604,6
2011-05-17 00:00:00.000,2011,5,17,2,20110517,2
2011-04-16 00:00:00.000,2011,4,16,2,20110416,6
2011-04-30 00:00:00.000,2011,4,30,2,20110430,6
2011-04-19 00:00:00.000,2011,4,19,2,20110419,2
2011-05-09 00:00:00.000,2011,5,9,2,20110509,1
2011-06-25 00:00:00.000,2011,6,25,2,20110625,6
2011-06-24 00:00:00.000,2011,6,24,2,20110624,5
2011-04-02 00:00:00.000,2011,4,2,2,20110402,6
2011-05-31 00:00:00.000,2011,5,31,2,20110531,2
2011-05-07 00:00:00.000,2011,5,7,2,20110507,6
2011-06-20 00:00:00.000,2011,6,20,2,20110620,1
2011-04-14 00:00:00.000,2011,4,14,2,20110414,4
2011-06-11 00:00:00.000,2011,6,11,2,20110611,6
2011-04-15 00:00:00.000,2011,4,15,2,20110415,5
2011-04-27 00:00:00.000,2011,4,27,2,20110427,3
2011-05-15 00:00:00.000,2011,5,15,2,20110515,0
2011-04-09 00:00:00.000,2011,4,9,2,20110409,6
2011-06-12 00:00:00.000,2011,6,12,2,20110612,0
2011-06-19 00:00:00.000,2011,6,19,2,20110619,0
2011-04-24 00:00:00.000,2011,4,24,2,20110424,0
2011-06-05 00:00:00.000,2011,6,5,2,20110605,0
2011-04-17 00:00:00.000,2011,4,17,2,20110417,0
2011-05-29 00:00:00.000,2011,5,29,2,20110529,0
2011-04-10 00:00:00.000,2011,4,10,2,20110410,0
2011-05-01 00:00:00.000,2011,5,1,2,20110501,0
2011-01-10 00:00:00.000,2011,1,10,1,20110110,1
2011-01-01 00:00:00.000,2011,1,1,1,20110101,6
2011-03-11 00:00:00.000,2011,3,11,1,20110311,5
2011-03-03 00:00:00.000,2011,3,3,1,20110303,4
2011-01-07 00:00:00.000,2011,1,7,1,20110107,5
2011-02-25 00:00:00.000,2011,2,25,1,20110225,5
2011-02-23 00:00:00.000,2011,2,23,1,20110223,3
2011-02-01 00:00:00.000,2011,2,1,1,20110201,2
2011-01-08 00:00:00.000,2011,1,8,1,20110108,6
2011-02-03 00:00:00.000,2011,2,3,1,20110203,4
2011-01-06 00:00:00.000,2011,1,6,1,20110106,4
2011-01-20 00:00:00.000,2011,1,20,1,20110120,4
2011-03-28 00:00:00.000,2011,3,28,1,20110328,1
2011-01-29 00:00:00.000,2011,1,29,1,20110129,6
2011-03-14 00:00:00.000,2011,3,14,1,20110314,1
2011-03-26 00:00:00.000,2011,3,26,1,20110326,6
2011-03-31 00:00:00.000,2011,3,31,1,20110331,4
2011-01-24 00:00:00.000,2011,1,24,1,20110124,1
2011-01-16 00:00:00.000,2011,1,16,1,20110116,0
2011-02-24 00:00:00.000,2011,2,24,1,20110224,4
2011-01-04 00:00:00.000,2011,1,4,1,20110104,2
2011-03-19 00:00:00.000,2011,3,19,1,20110319,6
2011-03-01 00:00:00.000,2011,3,1,1,20110301,2
2011-03-07 00:00:00.000,2011,3,7,1,20110307,1
2011-02-05 00:00:00.000,2011,2,5,1,20110205,6
2011-03-02 00:00:00.000,2011,3,2,1,20110302,3
2011-02-15 00:00:00.000,2011,2,15,1,20110215,2
2011-02-08 00:00:00.000,2011,2,8,1,20110208,2
2011-02-07 00:00:00.000,2011,2,7,1,20110207,1
2011-01-14 00:00:00.000,2011,1,14,1,20110114,5
2011-02-21 00:00:00.000,2011,2,21,1,20110221,1
2011-01-22 00:00:00.000,2011,1,22,1,20110122,6
2011-02-04 00:00:00.000,2011,2,4,1,20110204,5
2011-03-18 00:00:00.000,2011,3,18,1,20110318,5
2011-01-05 00:00:00.000,2011,1,5,1,20110105,3
2011-01-17 00:00:00.000,2011,1,17,1,20110117,1
2011-03-04 00:00:00.000,2011,3,4,1,20110304,5
2011-03-17 00:00:00.000,2011,3,17,1,20110317,4
2011-03-23 00:00:00.000,2011,3,23,1,20110323,3
2011-02-17 00:00:00.000,2011,2,17,1,20110217,4
2011-01-19 00:00:00.000,2011,1,19,1,20110119,3
2011-02-09 00:00:00.000,2011,2,9,1,20110209,3
2011-02-12 00:00:00.000,2011,2,12,1,20110212,6
2011-03-25 00:00:00.000,2011,3,25,1,20110325,5
2011-01-12 00:00:00.000,2011,1,12,1,20110112,3
2011-03-30 00:00:00.000,2011,3,30,1,20110330,3
2011-01-31 00:00:00.000,2011,1,31,1,20110131,1
2011-03-29 00:00:00.000,2011,3,29,1,20110329,2
2011-03-21 00:00:00.000,2011,3,21,1,20110321,1
2011-02-02 00:00:00.000,2011,2,2,1,20110202,3
2011-03-24 00:00:00.000,2011,3,24,1,20110324,4
2011-03-22 00:00:00.000,2011,3,22,1,20110322,2
2011-01-21 00:00:00.000,2011,1,21,1,20110121,5
2011-01-11 00:00:00.000,2011,1,11,1,20110111,2
2011-01-15 00:00:00.000,2011,1,15,1,20110115,6
2011-03-15 00:00:00.000,2011,3,15,1,20110315,2
2011-01-02 00:00:00.000,2011,1,2,1,20110102,0
2011-02-19 00:00:00.000,2011,2,19,1,20110219,6
2011-02-18 00:00:00.000,2011,2,18,1,20110218,5
2011-02-28 00:00:00.000,2011,2,28,1,20110228,1
2011-03-16 00:00:00.000,2011,3,16,1,20110316,3
2011-02-22 00:00:00.000,2011,2,22,1,20110222,2
2011-02-16 00:00:00.000,2011,2,16,1,20110216,3
2011-01-27 00:00:00.000,2011,1,27,1,20110127,4
2011-03-05 00:00:00.000,2011,3,5,1,20110305,6
2011-03-08 00:00:00.000,2011,3,8,1,20110308,2
2011-01-13 00:00:00.000,2011,1,13,1,20110113,4
2011-02-14 00:00:00.000,2011,2,14,1,20110214,1
2011-03-10 00:00:00.000,2011,3,10,1,20110310,4
2011-03-12 00:00:00.000,2011,3,12,1,20110312,6
2011-01-26 00:00:00.000,2011,1,26,1,20110126,3
2011-01-25 00:00:00.000,2011,1,25,1,20110125,2
2011-02-10 00:00:00.000,2011,2,10,1,20110210,4
2011-03-09 00:00:00.000,2011,3,9,1,20110309,3
2011-01-18 00:00:00.000,2011,1,18,1,20110118,2
2011-03-27 00:00:00.000,2011,3,27,1,20110327,0
2011-01-03 00:00:00.000,2011,1,3,1,20110103,1
2011-01-09 00:00:00.000,2011,1,9,1,20110109,0
2011-02-26 00:00:00.000,2011,2,26,1,20110226,6
2011-01-28 00:00:00.000,2011,1,28,1,20110128,5
2011-01-30 00:00:00.000,2011,1,30,1,20110130,0
2011-02-11 00:00:00.000,2011,2,11,1,20110211,5
2011-02-27 00:00:00.000,2011,2,27,1,20110227,0
2011-03-06 00:00:00.000,2011,3,6,1,20110306,0
2011-01-23 00:00:00.000,2011,1,23,1,20110123,0
2011-02-06 00:00:00.000,2011,2,6,1,20110206,0
2011-02-13 00:00:00.000,2011,2,13,1,20110213,0
2011-03-13 00:00:00.000,2011,3,13,1,20110313,0
2011-02-20 00:00:00.000,2011,2,20,1,20110220,0
2011-03-20 00:00:00.000,2011,3,20,1,20110320,0
2015-01-03 00:00:00.000,2015,1,3,1,20150103,6
2015-01-01 00:00:00.000,2015,1,1,1,20150101,4
2015-01-02 00:00:00.000,2015,1,2,1,20150102,5
2015-01-05 00:00:00.000,2015,1,5,1,20150105,1
2015-01-04 00:00:00.000,2015,1,4,1,20150104,0
2015-01-06 00:00:00.000,2015,1,6,1,20150106,2
2015-01-07 00:00:00.000,2015,1,7,1,20150107,3
